id,answer
0,combination
1,addition
2,browser's layout engine
3,internet explorer
4,late 2004
5,windows
6,1995
7,browsers
8,marc andreessen
9,first web browser
10,competition
11,dominance
12,internet relay chat
13,january
14,every major web browser
15,january 2003
16,january 2009
17,file transfer protocol
18,google
19,case
20,rich user interfaces
21,2002
22,august 2011
23,major web browsers
24,chrome's user-base
25,development
26,december 2011
27,1993
28,netscape
29,apple's safari
30,rapid development
31,prefix
32,mozilla foundation
33,private networks
34,mac
35,comparison
36,1994
37,user interface
38,addition
39,major browsers
40,information resources
41,live bookmarks
42,more traditional feed reader
43,bookmarks
44,january 2003
45,prefix
46,browser software
47,file transfer protocol
48,microsoft corp
49,mobile safari
50,web browsers
51,windows
52,user's default e-mail application
53,browser extension
54,4.5 hour
55,carrefour boycott
56,relay
57,protests
58,several protests
59,noted indian social activist
60,united states of america
61,one
62,site
63,western media
64,uk
65,political activist
66,russia
67,distinction
68,relay supporters
69,canberra
70,team
71,turkey
72,foreign minister stephen smith
73,french members
74,interior michèle alliot-marie
75,australian police
76,april 5
77,members
78,"april 1, 2008"
79,april 16
80,nagano
81,accountability
82,april 5
83,total
84,10 downing street
85,torch
86,carrefour
87,2012
88,north korea
89,"750,000"
90,libération
91,lhasa riots
92,protests
93,seoul
94,libération
95,francesca martinez
96,route
97,seven
98,uyghurs
99,reporters without borders'
100,macau
101,vietnamese american
102,great britain
103,event
104,chinese media
105,asian times
106,india
107,site
108,libération
109,indian
110,costanera sur
111,relay
112,1200
113,assurances
114,man
115,foreign minister stephen smith
116,major setback
117,democracy
118,tokyo
119,kazakhstan
120,paris
121,reports
122,praise
123,air china
124,hollywood
125,march 2008
126,jon stanhope
127,oman
128,ted quinlan
129,several protests
130,may 2
131,kuala lumpur
132,
133,china
134,tsim sha tsui
135,new starting point
136,event
137,coverage
138,chaotic torch relays
139,"many as 1,000"
140,event
141,may 3
142,thupten gyatso
143,april 17
144,protests
145,one
146,two
147,chinese
148,ladbroke grove
149,"april 1, 2008"
150,"2,200 police"
151,120
152,response
153,relay
154,libération
155,vietnamese
156,2008 summer olympics torch relay
157,intended torchbearers choi seung-kook
158,minister
159,thousands
160,1964
161,justin herman plaza
162,april 5
163,francesca martinez
164,number
165,first time
166,olympia
167,daily telegraph
168,susan prager
169,torch
170,united nations organization
171,jackie chan
172,times
173,francesca martinez
174,kazakhstan
175,great britain
176,april
177,1964
178,invitees
179,first
180,torch
181,two
182,jane birkin
183,one
184,event
185,may 2
186,torch
187,april
188,france
189,event
190,torch relay route
191,china
192,70
193,one
194,"85,000"
195,nagano
196,india
197,jane birkin
198,torch
199,day
200,1964
201,libération
202,nathan road
203,intended torchbearers choi seung-kook
204,sanya
205,protests
206,tazara railway
207,paris city
208,turkey
209,japanese family
210,taipei
211,indian
212,malaysia
213,call
214,april 3
215,politicians
216,several protests
217,chinese demands
218,carrefour
219,days
220,china's relations
221,oman
222,"""immigration reasons"
223,two
224,april 17
225,members
226,north korea's
227,lê minh phiếu
228,maria nafpliotou
229,jacques rogge
230,several protests
231,several protests
232,april
233,sacred torch
234,120
235,olympic games
236,medeo
237,seven
238,call
239,aluminum
240,kazakhstan
241,relay
242,argentine
243,chinese media
244,vietnam
245,saint petersburg
246,government
247,may 3
248,eiffel tower
249,tanzania
250,beijing
251,air china
252,tibetan flags
253,two
254,1200
255,days
256,great britain
257,april
258,two
259,several protests
260,paris
261,president pervez musharraf
262,macau
263,"150,000-strong"
264,carrefour
265,protests
266,bollywood actress soha ali khan
267,chinese media coverage
268,great britain
269,middle east
270,india
271,macau
272,ancient links
273,tony goh
274,government
275,reporters
276,people
277,response
278,istanbul
279,torchbearers
280,"narisa chakrabongse, green world foundation (gwf) chairwoman"
281,macao daily news
282,paralympic games
283,may 4
284,supervisors
285,sanya
286,great britain
287,bangkok
288,several symbolic protests
289,libération
290,april 16
291,chinese government
292,buenos aires
293,trocadéro
294,one
295,western europe
296,people's daily
297,april 9
298,tibetan flags
299,prior
300,japan
301,chinese officials
302,several times
303,torch relay route
304,japan
305,relay
306,china
307,several hundred pro-tibet protesters
308,carlos espínola
309,intended torchbearer lin hatfield dodds
310,"85,000"
311,peter ueberroth
312,three activists
313,carrefour
314,original 20 km relay
315,pyongyang
316,than 100
317,south korea
318,chan
319,total
320,baichung bhutia
321,relay
322,march 2008
323,torch
324,1988
325,tokyo
326,30
327,arrival
328,65 kilometre per hour
329,san francisco
330,australia
331,islamabad
332,torch
333,tsim sha tsui
334,islamabad
335,129 days
336,fu ying
337,"april 1, 2008"
338,torch relay leg
339,world ’ s worst offenders
340,france
341,to 600
342,to 600
343,lê minh phiếu
344,united states of america
345,torch
346,francesca martinez
347,protests
348,kamal nath
349,april 16
350,tokyo
351,torch
352,bbc's paul danahar
353,same pitch
354,total number
355,pitch
356,12
357,indefinite pitch
358,100 cents
359,frequency
360,"""high"" pitch"
361,least one model
362,overtones
363,time
364,a4
365,the higher frequencies
366,12
367,perceived interval
368,sound
369,theories
370,southampton
371,uk
372,annual southampton boat show
373,seven
374,city
375,"120,305"
376,sizeable polish population
377,lloyd's register group
378,most successful college american football teams
379,1996
380,great war
381,9th century
382,london
383,new forest
384,10th century
385,southampton
386,southampton city council
387,roughly half
388,2015 council elections
389,"than 2,000"
390,two
391,over a week
392,portsmouth
393,one
394,walls
395,city
396,importance
397,1888
398,november 2014
399,annual
400,one third
401,annual southampton boat show
402,population
403,12th century
404,latter half of the 20th century
405,october 2014
406,hamtun
407,1920s
408,1940s
409,southampton's largest retail centre
410,english
411,house tower
412,24
413,2004
414,two
415,first half of the 20th century
416,1964
417,worst behaved secondary schools
418,part
419,four
420,1840
421,1862
422,city council
423,western docks
424,space
425,1417
426,western docks
427,1339
428,202
429,1976
430,city
431,presence
432,centre
433,1968
434,port
435,hampshire
436,1066
437,british gas
438,west quay
439,royston smith
440,
441,parts
442,eastleigh
443,princess alexandra dock
444,vast majority
445,bournemouth symphony orchestra
446,queen mary
447,"2,300"
448,early may
449,uni-link
450,cent
451,third ferry
452,university of southampton
453,13th century
454,provide
455,1966
456,hampshire
457,west quay
458,headquarters
459,city
460,"portswood, banister park"
461,local train services
462,two
463,uk
464,solent
465,p&o cruises
466,27 june 1640
467,college
468,9th century
469,centuries
470,1233
471,university hospital southampton nhs foundation trust
472,biggest operator
473,4.2
474,1959
475,354
476,government figures
477,m27
478,coast
479,hanover buildings
480,city
481,december 2007
482,12th century
483,traffic congestion
484,southampton
485,2004
486,1233
487,1959
488,three fire stations
489,southampton docks
490,24
491,m27
492,southampton's largest retail centre
493,13th century
494,1066
495,clausentum
496,two
497,plans
498,southampton
499,port
500,over a quarter
501,south west trains
502,20–24
503,council estates
504,south west trains
505,16.2
506,king henry's departure
507,route
508,trust
509,queen victoria
510,16.2
511,two large live music venues
512,three
513,university of southampton
514,france
515,river test and river itchen
516,1968
517,area
518,hampshire county council
519,duchess
520,world's largest cruise ships
521,1938
522,large shopping centre
523,uk
524,2009
525,southampton university
526,"1,000"
527,southampton operatic society
528,1960s
529,september 1940
530,1854 book
531,48
532,plymouth
533,queen victoria
534,southampton water
535,city
536,12th century
537,banister court stadium
538,river itchen
539,stone age
540,1996 and 2004
541,germany
542,charters
543,notable former player
544,anglo-saxons
545,hampshire constabulary
546,seacity museum
547,university hospital southampton nhs foundation trust
548,itchen
549,1966
550,importance
551,1835
552,two
553,1310
554,southampton airport
555,england
556,great war
557,18th-century
558,23
559,ocean race
560,southampton
561,two local sunday leagues
562,part
563,banister court stadium
564,25–29
565,crimean war
566,three
567,24
568,city
569,north
570,unitary authority
571,1310
572,designer
573,successive incarnations
574,ikea
575,docks
576,france
577,runners-up
578,hampshire county
579,
580,southampton
581,hampshire constabulary
582,southampton
583,southampton solent university
584,today
585,january 2007
586,southampton
587,24 february 1964
588,18th-century
589,university of southampton
590,march 2007
591,university of southampton
592,three
593,john choules
594,henry
595,48
596,one
597,coast
598,controversy
599,hampshire county council
600,1760s
601,hampshire county
602,university of southampton
603,354
604,"500,000"
605,city
606,plans
607,today
608,city
609,11
610,bargate
611,southampton city college
612,linda norris
613,passenger services
614,southampton
615,port
616,
617,towns
618,south hampshire
619,october 1838
620,one
621,mud flats
622,hampshire county
623,1310
624,southampton docks
625,walls
626,london
627,march 1644
628,three
629,woodmill bridge
630,three
631,river test and river itchen
632,southampton pupils
633,"estimated 236,900 people"
634,site
635,whitbread
636,princess alexandra dock
637,town
638,council
639,1944
640,1976
641,june
642,1310
643,england
644,southampton
645,river test and river itchen
646,last remains
647,shirley
648,eastleigh
649,council
650,southampton
651,uk
652,england
653,car manufacture
654,october 2014
655,1995 and 2004
656,battle of agincourt
657,2005
658,nightclub
659,uni-link
660,may 1840
661,october 2014
662,southampton's largest retail centre
663,january 2007
664,common
665,enterprise
666,sunday
667,breeze
668,royston smith
669,craig david
670,barton peveril college
671,southampton airport
672,rest
673,coast
674,city
675,city hockey club
676,river test and river itchen
677,1996 and 2004
678,talking heads
679,attempt
680,conduit house
681,major uk port
682,supermarine spitfire
683,tottonians
684,city
685,northern tip
686,king henry's departure
687,france
688,1959
689,uk
690,swaythling
691,premier league
692,uk
693,bitterne
694,red funnel
695,1938
696,"40,000"
697,crimean war
698,previously
699,1862
700,1888
701,steam yacht north star
702,clausentum
703,ferry port
704,1879 to 1949
705,itchen
706,henry v's
707,1740
708,southampton
709,national lottery
710,eastern docks
711,royalists
712,hampshire
713,february 2011
714,"119,500 males"
715,nearly 92 %
716,nearly 92 %
717,eastern
718,four women
719,poland
720,ashkenazi jew's
721,40 %
722,high frequencies
723,"however, most people"
724,1890s
725,1990s
726,middle east
727,last thousand years
728,probability
729,ashkenazim
730,nearly 92 %
731,11th century
732,last thousand years
733,40 %
734,often
735,middle ages
736,212
737,certain issues
738,midrash
739,jews
740,several famous people
741,holocaust
742,20th century
743,israeli black panthers
744,study
745,estimated 8.8 million
746,israel
747,hebrew
748,large
749,roman empire
750,recent years
751,1750
752,ashkenazi jews
753,16th-century
754,1095
755,1095
756,elevated frequency
757,47.5 %
758,concept
759,uses
760,"2,500 years ago"
761,ancient levantine origins
762,middle ages
763,middle eastern peoples
764,conformity
765,archeological evidence
766,several million
767,ashkenazi jew
768,hebrew
769,pre-christian times
770,period
771,term
772,center
773,80
774,another trend
775,centuries later
776,11th century
777,jews
778,rabbinic leadership
779,talmud
780,modern-day italians
781,30
782,five thousand
783,brigetio
784,minhagim
785,54 % –60 %
786,genome-wide genetic study
787,fertile crescent
788,quarter
789,1095
790,second half of the 11th century
791,jerusalem
792,yiddish
793,75 %
794,yoma
795,conformity
796,contemporary saadia gaon
797,hebrew
798,greek historian
799,greek historian
800,1095
801,first
802,first decades
803,sergio dellapergola
804,nearly 92 %
805,jewish
806,gomer
807,80
808,jews
809,ashkenazi jew
810,2 %
811,91 %
812,upper euphrates
813,nusach
814,latin america
815,2002
816,conformity
817,surname hail
818,herodotus
819,many jews
820,first half
821,nusach sefard
822,estimated 8.8 million
823,genesis rabbah
824,religious jews
825,uranus
826,11 july neptune
827,largest neptunian moon
828,objects
829,difference
830,sun
831,le verrier
832,result
833,planet's distance
834,1.0243×1026 kg
835,rahab
836,troposphere
837,2007
838,jupiter
839,modern greek
840,uranus
841,johann galle
842,same way
843,william lassell
844,late 2020s or early 2030s
845,11 july 2011
846,gravity
847,le verrier
848,neptune's composition
849,200
850,°
851,", persistent methane clouds"
852,scooter
853,small dark spot
854,voyager
855,high-altitude clouds
856,voyager
857,1:1 resonance
858,100 kpa
859,1843
860,winds
861,occultation
862,50 %
863,focus
864,first scientifically useful observation
865,25 august 1989
866,credit
867,discovery
868,1821
869,0.25 %
870,roughly 40
871,upper-level clouds
872,sun
873,first and so far only object
874,dark spots
875,adams
876,17
877,le verrier ring
878,discovery
879,neptune
880,current most widely accepted explanation
881,nahuatl
882,2019
883,1:1
884,penultimate known planet
885,uranus
886,neptune
887,2006
888,23
889,high-altitude clouds
890,first and so far only object
891,14
892,jupiter
893,most heavily populated resonance
894,le verrier ring
895,sun
896,voyager 2's arrival
897,high-altitude cloud bands
898,neptune's atmospheric methane content
899,neptune
900,discovery
901,evening
902,december 1612
903,altitudes
904,vortex structures
905,neptune's more varied weather
906,30.1
907,international astronomical union
908,apparent backward motion
909,current models
910,1997
911,planetary science
912,400 m/s
913,2002 and 2003
914,images
915,1017
916,candidates
917,neptune's more varied weather
918,reaction
919,hobbes
920,modern term `` culture
921,non-material culture
922,citation
923,19th-century
924,terror management theory
925,29
926,united states
927,germany
928,end of the last ice age
929,19th-century
930,contrasted
931,terror management theory
932,anthropologists
933,1970s
934,"around 50,000 years ago"
935,united states
936,diffusion
937,prussian linguist
938,1950s and 1960s
939,stuart hall
940,élite ideal
941,present legislation
942,jefferson's metaphor
943,1971
944,nonconformists
945,areas
946,pervasive secularism
947,wall
948,"may 3, 2006"
949,still other scholars
950,early as the mid-17th century
951,religious freedom
952,engel
953,madison
954,"december 20, 2005"
955,william penn
956,two
957,legal scholars
958,still other scholars
959,reynolds
960,1776
961,court's decision
962,opponents
963,december
964,robert s. wood
965,u.s.
966,1962
967,court
968,1994
969,kurtzman
970,argue
971,thomas jefferson's influential virginia statute
972,1947
973,lone dissenter
974,central point
975,many early immigrant groups
976,third
977,may
978,jefferson
979,states' rights
980,1879
981,religious bigotry
982,one religious society
983,1786
984,religious beliefs
985,national motto
986,u.s.
987,ohio
988,2002
989,new england
990,phrase
991,three
992,answer
993,pledge
994,principle or primary effect
995,kurtzman
996,john f. kennedy
997,south carolina
998,roger williams
999,purpose of the display ( educating the public on american legal traditions ) was secular in nature .
1000,"december 27, 1657"
1001,jefferson's concept
1002,jefferson's statute
1003,eighteenth century
1004,required beliefs
1005,separation
1006,consequence
1007,1878
1008,1835-1876
1009,citation
1010,proclamations
1011,five-justice majority
1012,2
1013,epperson
1014,roger williams
1015,three
1016,jefferson's metaphor
1017,umayyad dynasty mosaic making
1018,constantinople
1019,rome
1020,one solsternus
1021,earliest examples
1022,fragments
1023,end of the 5th century
1024,justinian
1025,alexander mosaic
1026,5th-century
1027,17th-century
1028,grand prince
1029,jerusalem
1030,12th century
1031,remains
1032,whose sail
1033,most prominent artist
1034,greek masters
1035,roman church
1036,important justinian
1037,mosaics
1038,roger ii
1039,double indirect method
1040,another example
1041,affricisco
1042,hand
1043,human figure
1044,arta
1045,decoration
1046,abundant variety
1047,monastic communities
1048,5th-century
1049,6th to the 15th centuries
1050,8th–9th centuries
1051,east
1052,mary
1053,themes
1054,bethany
1055,late 11th century
1056,constantinople
1057,southern italy
1058,mausoleum
1059,1169
1060,piazza armerina
1061,539
1062,royal basilica
1063,taddeo zuccari
1064,sant'ambrogio
1065,ascension
1066,another samaritan synagogue
1067,thessaloniki
1068,normal technique
1069,norman kings
1070,2003
1071,galla placidia
1072,1310–14
1073,iconoclastic
1074,moorish spain
1075,portugal
1076,2003
1077,seasons
1078,church of the holy apostles
1079,islamic architecture
1080,raphael
1081,1210
1082,present-day
1083,pebble mosaics
1084,1894
1085,nea moni monastery on chios
1086,arabs
1087,constantinople
1088,1043–1056
1089,10th-century
1090,rome
1091,rare example
1092,striking technical innovation
1093,12th-century
1094,striking technical innovation
1095,calçada portuguesa
1096,river mureş
1097,interesting fusion
1098,santa constanza
1099,damascus
1100,5th-century
1101,italy
1102,styles
1103,greek inscriptions
1104,only surviving 12th-century mosaic work
1105,atrium
1106,second
1107,large villa rustica
1108,works
1109,1971–72
1110,1607
1111,around 1143
1112,classe
1113,most prominent artist
1114,abundant variety
1115,kastron mefaa
1116,constantinople
1117,middle ages
1118,symbolism
1119,rome
1120,abbot
1121,julii
1122,venetian
1123,1913
1124,royal basilica
1125,damascus
1126,middle
1127,1310–14
1128,emperor maximian
1129,outstanding examples
1130,10
1131,18th century
1132,hand
1133,religious umayyad mosaic works
1134,constantine monomachos
1135,lebanon
1136,synagogue
1137,18th-century
1138,accidents
1139,1986
1140,late 4th century
1141,three
1142,cathedral
1143,figures
1144,monastery of martyrius
1145,christian
1146,sosus
1147,constantine monomachos
1148,roger ii
1149,map
1150,1589
1151,constantine monomachos
1152,venetian craftsmen
1153,limoges
1154,5th-century
1155,iconoclastic era
1156,2000
1157,seasons
1158,double indirect method
1159,17th–19th centuries
1160,exotic or mythological animals
1161,ravenna
1162,1960s
1163,calçada portuguesa
1164,64 ad
1165,albania
1166,calçada portuguesa
1167,constantinople
1168,golden gate
1169,4th-century bc
1170,1043–1056
1171,early 4th century
1172,nile delta
1173,taungoo
1174,80
1175,official united states policy
1176,capital city
1177,official united states
1178,hanthawaddy monarchs
1179,2008 rice production
1180,official united states
1181,obama
1182,"estimated 200,000"
1183,independent years
1184,early civilisations
1185,myanmar
1186,first
1187,myanmar's ethnic minority groups
1188,little known fact
1189,these names
1190,thousands
1191,10%
1192,largest empire
1193,"1,930 km"
1194,us
1195,myanmar
1196,myanmar
1197,majority burmese bamar ethnic group
1198,west
1199,official united states
1200,burma's education system
1201,august 2007
1202,colonial architectural influences
1203,2008
1204,official united states policy
1205,monks
1206,"400,000 years ago"
1207,1770
1208,time
1209,1740
1210,"400,000 years ago"
1211,official united states
1212,myanmar
1213,major battleground
1214,250 years
1215,hanthawaddy monarchs
1216,lines
1217,1883
1218,equitable right
1219,civil law
1220,uk
1221,criticism
1222,lines
1223,2004
1224,estimated 18 million
1225,claim
1226,napster
1227,law professor
1228,one year's
1229,free software foundation founder richard stallman
1230,free software foundation founder richard stallman
1231,scope
1232,many countries
1233,definition
1234,scope
1235,patent infringement
1236,lawrence lessig
1237,united states
1238,1994
1239,citation
1240,1846
1241,many jurisdictions
1242,arguments
1243,definition
1244,three
1245,term
1246,infringement
1247,specific technological problem
1248,lines
1249,1883
1250,trips
1251,copyright
1252,copyright infringement
1253,recording industry association
1254,referring
1255,stephan kinsella
1256,united states
1257,context
1258,equitable right
1259,context
1260,recent developments
1261,1791
1262,may 2011
1263,1998
1264,trade secret misappropriation
1265,2001
1266,october 1845
1267,civil law
1268,1883
1269,one year's
1270,critics
1271,17 the stated objective
1272,motion picture association of america
1273,uk
1274,trademark infringement
1275,millions
1276,high-tech fields
1277,native cultures
1278,critics
1279,intellectual-property rights
1280,native cultures
1281,berne
1282,detriment
1283,infringement
1284,assumption
1285,
1286,french
1287,rossiya
1288,ingur river
1289,1830
1290,kars
1291,christians
1292,new russia
1293,crimean war
1294,1854
1295,time
1296,constantinople
1297,black sea
1298,danube
1299,july 1854
1300,26 july
1301,omar pasha
1302,north
1303,russians
1304,14 april
1305,russia
1306,fewer than half
1307,spring
1308,local commanders
1309,hill
1310,august 1855
1311,nicholas
1312,"15,000"
1313,four
1314,russians
1315,sides
1316,william howard russell
1317,time
1318,1857
1319,25 september
1320,lord cowley
1321,war
1322,february
1323,morning
1324,piedmont
1325,nicholas
1326,late september
1327,year
1328,three
1329,bulgaria
1330,alexander ii
1331,french
1332,cronstadt
1333,second
1334,walachia
1335,12 july
1336,ukraine
1337,august 1855
1338,black sea
1339,31 december 1853
1340,cronstadt
1341,george hamilton-gordon
1342,5 september
1343,32–40
1344,alliance
1345,local commanders
1346,russians
1347,crimean war
1348,movement
1349,omar pasha
1350,omar pasha
1351,parliament
1352,constantinople
1353,åland islands
1354,alexander ii
1355,nicholas
1356,cardigan
1357,treaty of paris
1358,austria
1359,start
1360,october 1853
1361,french
1362,sunday
1363,centuries-old
1364,public opinion
1365,second counterattack
1366,winter of 1854
1367,sinop
1368,russian cavalry movement
1369,catholic support
1370,peaceful settlement
1371,1830
1372,alfred nobel
1373,vidin
1374,reaction
1375,september 1853
1376,danube river
1377,ottoman forces
1378,william howard russell
1379,"june 24, 1839"
1380,local commanders
1381,105  the tsar
1382,28 march 1854
1383,432–33
1384,roger fenton
1385,russian troops
1386,far south wrangel
1387,may
1388,461 the resulting battle
1389,14 november
1390,alfred lord tennyson
1391,however
1392,sultan
1393,russians
1394,439 an electrical telegraph
1395,victor emmanuel ii
1396,september 1854
1397,200 years
1398,principalities
1399,black sea
1400,vidin
1401,gallipoli
1402,may
1403,calafat
1404,time
1405,cardigan
1406,19 october
1407,little additional naval action
1408,london
1409,marani
1410,1000
1411,sevastopol
1412,local commanders
1413,february
1414,chetatea
1415,time
1416,late september
1417,nicholas
1418,1840
1419,balkans
1420,times newspaper
1421,a. w
1422,danube
1423,note
1424,large body
1425,snow
1426,march 1854
1427,nicholas
1428,azov sea
1429,sunday
1430,taganrog
1431,8000
1432,april
1433,omar pasha
1434,5 september
1435,crimean war
1436,february
1437,ottoman army
1438,russians
1439,411 nicholas
1440,russian america
1441,5 december 1853
1442,28 may
1443,aberdeen
1444,however
1445,kerch strait
1446,192
1447,four
1448,september 8000
1449,1848
1450,february 1853
1451,april 1854
1452,201
1453,alaska
1454,30
1455,seven columns
1456,spring of 1821
1457,:104:19
1458,crimean war
1459,failure
1460,30 march 1856
1461,peace terms
1462,russians
1463,19 october
1464,black sea
1465,greeks
1466,20000
1467,menshikov
1468,war
1469,west
1470,battle of sinop
1471,late july 1854
1472,8000
1473,september 1854
1474,first
1475,27
1476,malakoff
1477,chetatea
1478,1830
1479,`` clerical party
1480,civilian engineering crew
1481,30 march 1856
1482,russia
1483,4000
1484,sevastopol
1485,paris
1486,popularisation
1487,little advance
1488,war
1489,otto von bismarck
1490,industrial explosives
1491,british
1492,1830
1493,chetatea
1494,february
1495,telegraph
1496,25 october
1497,another seventeen years
1498,emperors
1499,1720s
1500,1720s
1501,yongzheng
1502,1623
1503,pro-japanese koreans
1504,xinjiang
1505,sixty-one year
1506,1750
1507,france
1508,sun yat-sen
1509,qing emperors
1510,eight
1511,qing dynasty
1512,1900
1513,empire of the great qing
1514,beijing
1515,yongzheng
1516,diplomatic and strategic problems
1517,instead
1518,li zicheng
1519,qing armies
1520,first opium war
1521,yuan shikai
1522,hooge
1523,"3,400"
1524,china
1525,peasant rebels
1526,britain
1527,empire
1528,kangxi emperor
1529,xiang army
1530,1641
1531,1850s
1532,team
1533,yingzhen
1534,shunzhi emperor
1535,two
1536,citation
1537,zeng guofan
1538,watershed
1539,korea
1540,kangxi emperor
1541,government
1542,mid-19th century
1543,1661
1544,many han
1545,1683
1546,fall
1547,zeng guofan's strategy
1548,20 million
1549,li
1550,18th century
1551,manchus
1552,chinese
1553,late ming dynasty
1554,1641
1555,manchus
1556,qing organization
1557,yuan shikai
1558,jianzhou
1559,xinjiang
1560,1860
1561,puyi
1562,ming general wu sangui
1563,yuan shikai
1564,manchuria
1565,prince gui
1566,ten great campaigns
1567,18th century
1568,1930s
1569,department
1570,liaodong
1571,guangxu
1572,hong taiji
1573,sixty-one year reign
1574,india
1575,jianzhou
1576,hong xiuquan
1577,han chinese
1578,xinjiang
1579,british
1580,"400,000"
1581,beijing
1582,dungan revolt
1583,ming dynasty
1584,1930s
1585,yingzhen
1586,late 19th century
1587,dungan revolt
1588,calligraphy
1589,problems
1590,jiangnan
1591,qing surrender
1592,manchu generals
1593,western powers
1594,ming dynasty
1595,several ming princes
1596,53
1597,board
1598,koxinga
1599,eight years
1600,promises
1601,china
1602,qing
1603,1850s
1604,xinjiang
1605,1661
1606,day
1607,qianlong emperor
1608,yuan
1609,turnover
1610,"400,000"
1611,1901
1612,qing emperors
1613,early manchu rulers
1614,qing
1615,most significant fact
1616,beijing
1617,1661
1618,1858
1619,han bannermen
1620,eight regional viceroys
1621,three
1622,majority
1623,ming dynasty
1624,jiading
1625,two
1626,cabinet
1627,1681
1628,1683
1629,1711
1630,yingzhen
1631,ci'an
1632,"november 14, 1908"
1633,nine
1634,fulin
1635,dungan revolt
1636,qīng cháo
1637,qianlong emperor
1638,years
1639,manchus
1640,1673
1641,literature
1642,"2,000 years"
1643,80 %
1644,first opium war
1645,"november 14, 1908"
1646,april 1644
1647,yaqub beg
1648,september 1643
1649,li zicheng
1650,yongying system
1651,1850s
1652,1673-1674
1653,"november 14, 1908"
1654,han bannermen
1655,16 %
1656,art
1657,yongzheng
1658,india
1659,1854
1660,far
1661,1889
1662,remaining banners
1663,yingzhen
1664,qianlong emperor's reign
1665,christianity
1666,"3,400"
1667,five
1668,qing
1669,qing
1670,wu sangui
1671,remaining banners
1672,another seventeen years
1673,multi-ethnic force
1674,manchus
1675,xinjiang
1676,terms
1677,1683
1678,beijing
1679,ming han chinese armies
1680,qing dynasty
1681,qing
1682,suiyuan shidan
1683,qing dynasty
1684,1782
1685,1637
1686,full control
1687,qing dynasty
1688,nurhaci
1689,ming han
1690,late 19th century
1691,addition
1692,emperors
1693,1641
1694,dorgon's controversial july 1645 edict
1695,classically educated official
1696,november
1697,units
1698,early manchu rulers
1699,qīng cháo
1700,pro-japanese koreans
1701,1870
1702,yaqub beg
1703,wu
1704,chinese
1705,move
1706,manchuria
1707,eight years old
1708,guangxu
1709,few ethnic manchus
1710,china
1711,remaining banners
1712,17
1713,early manchu rulers
1714,1850s
1715,ningguta
1716,chief
1717,jiangyin
1718,later years
1719,guangxu
1720,1727
1721,1860
1722,1637
1723,qīng cháo
1724,qianlong emperor
1725,october 30
1726,suiyuan shidan
1727,two
1728,dst
1729,evening
1730,h. h. asquith
1731,continental europe
1732,canadian
1733,time
1734,2007
1735,clocks
1736,iceland
1737,years
1738,daylight
1739,three-year trial
1740,example
1741,1895
1742,2008
1743,groups
1744,us
1745,normal dst
1746,
1747,54.5 %
1748,summer
1749,forms
1750,argue
1751,2011 to 2014
1752,tz=':america/new_york'
1753,france
1754,standardize
1755,north american
1756,1993
1757,3.5 %
1758,2008 doe report
1759,july
1760,october 5
1761,early proponents
1762,retinitis pigmentosa foundation fighting blindness
1763,willett's 1907 proposal
1764,1907
1765,3.5 %
1766,germany
1767,2005
1768,2005
1769,keeps
1770,xinjiang
1771,mid-1980s
1772,new zealand
1773,merriam-webster
1774,regions
1775,united kingdom
1776,sunlight exposure
1777,unexpected adverse effect
1778,winston churchill
1779,people
1780,proposal
1781,1907
1782,1995
1783,microsoft windows
1784,negative dst
1785,britain
1786,standard time
1787,autumn and two hours
1788,merriam-webster's
1789,two hours
1790,dst
1791,correlation
1792,(cet
1793,years
1794,fixed work schedules
1795,example
1796,dst
1797,november
1798,reduces
1799,1970s
1800,older form
1801,march 2011
1802,2005
1803,us
1804,winter
1805,north america
1806,1895
1807,ntfs
1808,
1809,northern summer
1810,farmers ' groups
1811,countries
1812,dst inherits
1813,dst
1814,filesystem
1815,2007
1816,merriam-webster
1817,farmers ' groups
1818,st
1819,people
1820,time zone differences
1821,early goal
1822,one reason
1823,daylight
1824,regions
1825,kingsford charcoal
1826,1999 study
1827,many
1828,one
1829,year-independent way
1830,autumn and two hours
1831,least two
1832,us
1833,clocks
1834,iceland
1835,europe
1836,britain
1837,2000
1838,daily
1839,name
1840,clocks
1841,united kingdom
1842,1784 satire
1843,daylight
1844,electricity use
1845,times
1846,1984
1847,adopt
1848,britain
1849,us
1850,first three weekdays
1851,plan
1852,standardize
1853,14 april
1854,2008
1855,people
1856,us
1857,summer hours
1858,little impact
1859,accidents
1860,example
1861,summer
1862,taxing shutters
1863,muslim
1864,andrew peters
1865,dst
1866,much as 11 %
1867,summer
1868,similar twice-yearly tasks
1869,2005
1870,dairy farmers
1871,modern dst
1872,months of the year
1873,1996
1874,file
1875,1987–2006
1876,2007 us change
1877,britain
1878,may
1879,repeals
1880,may 1965
1881,annual
1882,2005
1883,1983
1884,los angeles
1885,drummer steven adler
1886,end of the decade
1887,scottish
1888,2008
1889,1980s
1890,united states
1891,canadian
1892,1958
1893,elements
1894,led zeppelin
1895,double platinum ballbreaker
1896,bigger hit
1897,bon scott
1898,one
1899,1980s
1900,breakup
1901,irish
1902,david lee roth
1903,black crowes
1904,poison
1905,aerosmith's comeback
1906,los angeles music scene
1907,bon scott
1908,fellow australians airbourne's début album
1909,alice cooper
1910,los angeles
1911,early forms
1912,rock anthem
1913,2009
1914,san francisco
1915,hard rock roots
1916,bass guitar
1917,1993
1918,1980s
1919,1980s
1920,black sabbath's
1921,us
1922,guns n' roses
1923,ramones
1924,1980s
1925,bon jovi
1926,heavy metal
1927,number
1928,audioslave
1929,1992
1930,david lee roth
1931,four
1932,1981
1933,1987
1934,new wave
1935,term
1936,bon jovi's 1995 album
1937,bon jovi's third album
1938,kinks
1939,others
1940,ac/dc
1941,guns n' roses
1942,brookline
1943,transit isps
1944,13 april 2015
1945,adoption
1946,virtual isp ( visp
1947,services
1948,possible solution
1949,4 years
1950,1995
1951,citation
1952,intelligence agencies
1953,customers
1954,mailbox provider
1955,internet
1956,fcc chairman
1957,free isps
1958,isps
1959,isps
1960,isps
1961,upstream isp
1962,prism
1963,many mailbox providers
1964,same concept
1965,26 february 2015
1966,transit isps
1967,free isps
1968,services
1969,university of kansas school of business
1970,three
1971,top law school
1972,university
1973,lawrence
1974,school's sports teams
1975,university of kansas school of business
1976,one
1977,overland park
1978,"march 21, 1865"
1979,1939
1980,university of kansas school
1981,community tool box
1982,university daily kansan
1983,ku football
1984,wichita
1985,"2,100"
1986,kansas union
1987,wichita
1988,j-school's students
1989,1954
1990,first
1991,kansas public radio station kanu
1992,"2,100"
1993,university of kansas school of business
1994,1890
1995,number
1996,ku school of engineering
1997,kansas
1998,thirteen
1999,university
2000,university of kansas school of business
2001,kansas union
2002,bs/ms
2003,university of kansas school of business
2004,kansas
2005,professional school
2006,wichita
2007,medical center
2008,first union
2009,princeton review
2010,designintelligence
2011,watson library
2012,48 months
2013,princeton review
2014,"2,100"
2015,"university of kansas school of architecture , design"
2016,"2,100"
2017,university of kansas school of business
2018,lawrence
2019,university of kansas school of business
2020,university
2021,daily
2022,medical center and university hospital
2023,mark mangino
2024,university of kentucky
2025,designintelligence
2026,emporia
2027,ku's academic computing department
2028,university of kansas school of business
2029,university of kentucky
2030,university of kansas school of business
2031,1891
2032,lynx
2033,ku cross country
2034,citation
2035,one
2036,university daily kansan
2037,"23,597"
2038,school newspaper
2039,most recent championship
2040,university of kansas school
2041,1891
2042,ku department
2043,thirteen
2044,1891
2045,2007
2046,w 15th st
2047,enrollment
2048,three
2049,university
2050,sheahon zenger
2051,ku's school of business
2052,university of kansas school of business
2053,than 345
2054,"february 20, 1863"
2055,kansas
2056,5
2057,university
2058,ku school of engineering
2059,university of kansas school of law
2060,2
2061,western europe
2062,jana bennett
2063,1974
2064,bbc one
2065,dedicated tv channel
2066,bbc television
2067,service
2068,bbc one
2069,16
2070,"mechanically scanned, 30-line television broadcasts"
2071,bbc
2072,broadcasting act 1990
2073,weeks
2074,bbc domestic television channels
2075,march 2003
2076,welsh
2077,queen elizabeth
2078,world war ii
2079,basement
2080,bbc television
2081,britain
2082,english
2083,uk
2084,2000
2085,britain
2086,bbc television service
2087,other uk nations
2088,bbc
2089,1967
2090,alexandra palace
2091,few years
2092,bbc television service
2093,few years
2094,studio
2095,nearly 1000
2096,pioneering bbc television series
2097,drama
2098,ceefax
2099,september 1939
2100,1927
2101,30
2102,commissioning
2103,bbc television
2104,december 2004
2105,different remit
2106,bbc television
2107,existing vhf 405-line system
2108,world war ii
2109,bbc television department
2110,daily
2111,mechanical camera
2112,bbc
2113,larger quarters
2114,december 2004
2115,queen elizabeth
2116,£85 million
2117,london
2118,television service's technical staff
2119,[original research
2120,dvd
2121,david attenborough
2122,series
2123,1960
2124,united states
2125,2008
2126,march 2003
2127,united kingdom
2128,"estimated 25,000–40,000"
2129,bbc television
2130,london
2131,weeks
2132,"bbc , television"
2133,february
2134,1967 tom and jerry cartoons
2135,bbc tv
2136,half-century
2137,1950s
2138,625-line
2139,5 july 2004
2140,1964
2141,1927
2142,general entertainment channel
2143,uk
2144,bbc scotland's
2145,1967
2146,dvd
2147,genetic groups
2148,rise
2149,united states
2150,survey
2151,empirical and conceptual problems
2152,one crucial innovation
2153,practice
2154,93 %
2155,michelle alexander
2156,others
2157,health disparities
2158,fuzzy sets
2159,united states
2160,races
2161,individual
2162,abu el-haj
2163,common misconception
2164,physical anthropologists
2165,early human genetic cluster analysis studies
2166,316–17
2167,early 20th century
2168,human populations
2169,societies
2170,authors
2171,race
2172,kittles
2173,result
2174,early human genetic cluster analysis studies
2175,federal government policy
2176,socioeconomic factors
2177,large geographic distances
2178,42.4%
2179,brutal conflicts
2180,increasing number
2181,brazil
2182,seven
2183,whites
2184,categories
2185,biological race concept
2186,population
2187,existence
2188,scientific classification
2189,subspecies
2190,sex
2191,rigid descent rule
2192,forensic physical anthropologist
2193,1949
2194,skeletal remain
2195,least two
2196,sense
2197,falsify
2198,recent work
2199,generally accepted concept
2200,greatest number
2201,many
2202,survey
2203,races
2204,30 %
2205,clustering
2206,today
2207,20th century
2208,2000
2209,brazilian child
2210,racism
2211,suggest
2212,populations
2213,cladistics
2214,phylogenetic analysis
2215,initial hypotheses
2216,east asians
2217,populations
2218,practice
2219,significant number
2220,700.000
2221,clade
2222,diagnosis
2223,concept
2224,eduardo bonilla-silva
2225,physical anthropologists
2226,adversely
2227,mass incarceration
2228,many thousands
2229,france
2230,y chromosomes
2231,5 %
2232,roughly 28–37 %
2233,93 %
2234,uses
2235,international epidemiological data
2236,cranial measurements
2237,european concept
2238,arbitrary matter
2239,1964
2240,another way
2241,blumenbach
2242,good arguments
2243,word
2244,earlier work
2245,researchers
2246,last two decades
2247,eduardo bonilla-silva
2248,race
2249,many people
2250,2003 paper
2251,system
2252,five
2253,europeans
2254,kaplan
2255,many biological anthropologists
2256,amerindians
2257,identification code
2258,system
2259,78 percent
2260,five
2261,"thus, anthropologist frank livingstone's conclusion"
2262,values
2263,study
2264,abu el-haj
2265,population
2266,mitochondrial dna
2267,sewall wright
2268,way
2269,1978
2270,researchers
2271,1775 treatise
2272,markers
2273,sense
2274,questioning
2275,three
2276,anthropologists
2277,one result
2278,last decades
2279,term race
2280,william c. boyd
2281,examples
2282,empirical reasons
2283,designation 'subspecies
2284,brazilian child
2285,early 20th century
2286,cladistics
2287,dean amadon
2288,three
2289,
2290,contradictions
2291,similarly
2292,rise
2293,jim crow laws
2294,racial groups
2295,balanced degree
2296,blumenbach
2297,concept
2298,many others
2299,dean amadon
2300,european union
2301,than 1.8 million years ago
2302,eduardo bonilla-silva
2303,60-65 %
2304,example
2305,fixation index
2306,widespread popularity
2307,racial groups
2308,rather than 85%
2309,anthropologist norman sauer
2310,authors
2311,thousands
2312,19th century
2313,2008
2314,selected allele
2315,20th century
2316,scientists
2317,anthropologists
2318,
2319,subsequent influential classifications
2320,non-african groups
2321,last two decades of the 18th century
2322,clade
2323,racial groups
2324,material
2325,race
2326,united states
2327,selected allele
2328,18th century
2329,77
2330,2000 edition
2331,small non-representative sample
2332,states
2333,definitions
2334,sociological factors
2335,trained anthropologist
2336,human populations
2337,historically recent acceleration
2338,mixture
2339,racial discrimination
2340,mammalian species
2341,authors
2342,1996
2343,utility
2344,loci
2345,first post-classical published classification
2346,one-drop rule
2347,global distributions
2348,doctors
2349,1970s
2350,differences
2351,1996
2352,2007 review paper
2353,least three million people
2354,races
2355,early 20th century
2356,2001
2357,more realistic portrayal
2358,visually
2359,19th century
2360,race
2361,english language
2362,considerable suffering
2363,term
2364,england
2365,cladistics
2366,concept
2367,", therefore fst values"
2368,replaced
2369,same geographical location
2370,2007 review paper
2371,homininae
2372,scholars
2373,rachel caspari
2374,scientists
2375,came
2376,than 1.8 million years ago
2377,virtually all physical anthropologists
2378,figure
2379,stanford university school of medicine
2380,correctly
2381,attempt
2382,era
2383,farm
2384,temple area
2385,evidence
2386,social inequality
2387,settlements
2388,neolithic societies
2389,southwestern united states
2390,era
2391,rhine
2392,era
2393,british isles
2394,mid-late neolithic
2395,elaborate tombs
2396,cultural elements
2397,2002
2398,control
2399,first
2400,farm
2401,2012
2402,copper age
2403,southeast europe agrarian societies
2404,era
2405,eurasia
2406,beginning
2407,neolithic pastoralists
2408,bronze age
2409,anthropomorphic figurines
2410,site
2411,middle east
2412,turkey
2413,early farmers
2414,near east
2415,control
2416,era
2417,vashtëmi
2418,early farmers
2419,one
2420,neolithic people
2421,era
2422,çatal höyük
2423,early japanese societies
2424,9000 bc
2425,ghazal
2426,parts
2427,"10,700"
2428,ireland
2429,treaties
2430,same hierarchical position
2431,contracting parties ' full names
2432,two-thirds
2433,relation
2434,sovereignty
2435,treaty
2436,party
2437,citation
2438,case
2439,congressional-executive agreements
2440,office of legal affairs
2441,one party
2442,600
2443,attack
2444,material breach
2445,treaties
2446,consent
2447,treaties
2448,parties
2449,cases
2450,development
2451,state
2452,citation
2453,al-waqidi
2454,article
2455,international law
2456,binding greenhouse gas emission limits
2457,brazil
2458,two
2459,treaties
2460,long treaty
2461,subsequent act
2462,compacts
2463,state legislation
2464,state party's withdrawal
2465,treaty
2466,modern treaties
2467,signatures
2468,language
2469,entered
2470,state
2471,political boundaries
2472,unaccepting
2473,international law
2474,treaty
2475,congress
2476,official legal procedures
2477,party
2478,state party's withdrawal
2479,prior to 1871
2480,united nations
2481,government
2482,mabo
2483,un
2484,case
2485,preamble
2486,example
2487,brazilian federal constitution
2488,verb
2489,european colonization
2490,treaties
2491,citation
2492,contracting parties ' full names
2493,division
2494,obligations
2495,supreme court
2496,state party's withdrawal
2497,late 20th and early 21st century
2498,consent
2499,treaty
2500,division
2501,text
2502,first
2503,date
2504,citation
2505,party's consent
2506,treaty
2507,multilateral treaties
2508,norms
2509,three
2510,international covenant on civil and political rights
2511,federal supreme court
2512,brazilian federal constitution
2513,state's consent
2514,coercion
2515,ethiopia
2516,practice
2517,u.s.
2518,case
2519,consent
2520,withdrawal
2521,citation
2522,vienna convention
2523,treaty
2524,interest
2525,reservations
2526,coercion
2527,treaties
2528,chapter headings
2529,deal
2530,"long-term, complex legal obligations"
2531,treaty
2532,minor corrections
2533,executive agreement
2534,article
2535,consent
2536,treaties
2537,45th amendment
2538,state's consent
2539,treaty
2540,normal legislation process
2541,relative ease
2542,strong presumption
2543,treaty breach
2544,instance
2545,universally accepted prohibitions
2546,citation
2547,many parties
2548,citation
2549,consent
2550,amend
2551,citation
2552,subject
2553,un
2554,union
2555,citation
2556,treaties
2557,end
2558,international relations
2559,international relations
2560,muhammad
2561,same reservations
2562,nations
2563,state
2564,treaty
2565,particular interpretation
2566,treaty
2567,eu
2568,treaties
2569,international law
2570,multiple paragraphs
2571,state
2572,citation
2573,contracting parties ' full names
2574,citation
2575,example
2576,terminology
2577,example
2578,dates
2579,state
2580,many treaties
2581,president
2582,gabriel
2583,citation
2584,case
2585,complaint
2586,articles
2587,many treaties
2588,treaties
2589,2008
2590,dates
2591,ruled
2592,treaties
2593,add
2594,articles
2595,states
2596,reservations
2597,supreme court
2598,passenger elevator
2599,40-50 %
2600,1853
2601,weight
2602,counterweights
2603,opens
2604,berlin
2605,werner von siemens
2606,elevator cab
2607,germany
2608,low-volume hours
2609,double deck elevators
2610,make
2611,citation
2612,israeli
2613,hydraulic crane
2614,four
2615,relay controller
2616,city transport
2617,governor device
2618,passenger cabs
2619,unique design characteristics
2620,residential
2621,end
2622,500 ft/min
2623,may
2624,"300,000"
2625,passenger elevators
2626,less expensive installations
2627,1
2628,gearless traction machines
2629,steam driven devices
2630,cab interiors
2631,one
2632,dumbwaiters
2633,freight elevator
2634,first elevator shaft
2635,january
2636,construction
2637,single bulkhead cylinders
2638,machine-room-less elevators
2639,`` shaft
2640,neapolitan architect
2641,barrel
2642,40-50 %
2643,london
2644,method
2645,environmental concerns
2646,belt elevators
2647,team's earliest exit
2648,1189
2649,eight
2650,1953
2651,1 may
2652,1872
2653,two years
2654,february 2012
2655,1954 fifa world cup
2656,1974
2657,england
2658,2008–09 season
2659,england national football team
2660,
2661,charge
2662,england
2663,2002
2664,england
2665,john terry
2666,2002
2667,england's traditional away colours
2668,1923
2669,england
2670,game
2671,setanta sports's
2672,away kit
2673,roy hodgson
2674,2002
2675,motif
2676,citation
2677,pouka
2678,2011
2679,annual quota
2680,gradual sea-level rise
2681,july
2682,2013 pacific mini games
2683,designates
2684,18 february
2685,trading companies
2686,tuvalu
2687,vasafua
2688,10 years
2689,ano
2690,artefacts
2691,30%
2692,claim
2693,tuvalu
2694,traditional sport
2695,pacific games
2696,merchant marine fleet
2697,funafuti
2698,united nations special rapporteur
2699,less than a year
2700,teacher-pupil ratio
2701,stamps
2702,tuvalu
2703,tuvalu
2704,material culture
2705,important creation myth
2706,nauru agreement
2707,funafuti
2708,princess margaret hospital
2709,tuvalu media department
2710,2011 report
2711,65 %
2712,keith s. chambers
2713,another caste
2714,1861
2715,26 square kilometres
2716,william rainbow
2717,janet nicoll
2718,captain davis
2719,house
2720,may 1819
2721,consequence
2722,tuvalu
2723,trading companies
2724,low elevation
2725,schuyler de peyster
2726,islands
2727,other members
2728,traditional foods
2729,sixth form students
2730,year
2731,international monetary fund 2010 report
2732,5 september
2733,charles hedley
2734,island
2735,tuvalu media department
2736,established
2737,rulings
2738,water
2739,english
2740,cyclone bebe
2741,major international priority
2742,coral bleaching
2743,$ $ 2.2 million
2744,tuvalu participates
2745,1900
2746,islands
2747,two
2748,170
2749,name
2750,islets
2751,funafuti
2752,funafuti
2753,three
2754,traditional sport
2755,2002
2756,installation
2757,traditional foods
2758,new am radio transmitter
2759,three
2760,1892
2761,great coconut plantation
2762,first decade
2763,low elevation
2764,tuvalu media department
2765,resulting borrow pits
2766,nine or ten
2767,sixth form students
2768,world bank
2769,highest elevations
2770,english
2771,two
2772,tuvalu
2773,nivaga iii
2774,tuvalu overseas seamen's union ( tosu
2775,tuvalu
2776,national water resources policy
2777,2013
2778,1819
2779,tuvaluan order
2780,eight island courts and lands courts
2781,tuvalu
2782,remittances
2783,tropical depression
2784,english
2785,english
2786,funafuti
2787,tuvalu government
2788,tuvalu
2789,also
2790,english
2791,tuvalu media department
2792,10 years
2793,eight per cent
2794,japan international cooperation agency
2795,program
2796,presidents
2797,european union
2798,pacific war funafuti
2799,trader
2800,eight
2801,funafuti
2802,tuvalu advocates ratification
2803,major international priority
2804,international monetary fund 2010 report
2805,independence
2806,part
2807,another important building
2808,manu
2809,tuvalu ship registry
2810,"10,640"
2811,july 2012
2812,palagi traders
2813,hearing
2814,new imac
2815,68020-powered macintosh lc
2816,macintosh
2817,"2,600"
2818,may 1998
2819,macintosh
2820,then-new imac g5
2821,order
2822,created
2823,macintosh project
2824,sold
2825,four years
2826,current mac product family
2827,39 advertising pages
2828,sales
2829,macintosh
2830,mac os x
2831,apple's market share
2832,pcs
2833,mac's market share
2834,retrofits
2835,use
2836,air
2837,apple
2838,intel
2839,original
2840,same year
2841,macbook
2842,matters
2843,macintosh
2844,may
2845,well
2846,john sculley
2847,one
2848,may
2849,steve jobs
2850,1998
2851,october
2852,macintosh
2853,macintosh ii
2854,$ $ 2.5 million
2855,steve jobs
2856,may 1990
2857,new imac
2858,us $ 1.5 million
2859,39 advertising pages
2860,"estimated 100,000"
2861,jobs
2862,2000
2863,john dvorak
2864,1997
2865,40
2866,macintosh platform
2867,august
2868,1989
2869,second generation
2870,change
2871,final macintosh design
2872,bluetooth
2873,apple
2874,apple
2875,early 2001
2876,primary authors
2877,installed base
2878,imac
2879,finally
2880,macintosh's minimal memory
2881,clarisworks
2882,2000
2883,complete office suite
2884,number five spot
2885,third-party platform virtualization software
2886,personal computer manufacturers
2887,steve jobs
2888,quarterly
2889,air
2890,open firmware
2891,new motorola 68030 processor
2892,models
2893,contrast
2894,steve jobs
2895,bill atkinson
2896,macintosh classic
2897,macintosh's market share
2898,"discontinued power macintosh g3 , to slot between the imac g3 and the power mac g4 ."
2899,hewlett packard
2900,suggestions
2901,october 2009
2902,several ultrabooks
2903,mavericks
2904,chief designer
2905,allan loren
2906,updated motorola cpus
2907,1985
2908,may 1990
2909,october
2910,open firmware
2911,apple
2912,3.36 million
2913,macintosh se
2914,macbook air
2915,2013
2916,mid-2011
2917,darwin
2918,macintosh
2919,"april 5, 2006"
2920,c++
2921,current mac models
2922,cube
2923,apple's actions
2924,one megabyte
2925,14 %
2926,c++
2927,apple
2928,performance advantage
2929,20
2930,2006
2931,time
2932,windows 95 operating system
2933,windows
2934,apple
2935,smith's design
2936,new imac
2937,
2938,part
2939,third place spot
2940,macintosh
2941,"imac , macbook pro , macbook air , and mac mini lines"
2942,early 2011
2943,models
2944,materials
2945,component shortage
2946,seven years
2947,recent years
2948,two
2949,2006
2950,macintosh
2951,removal
2952,1993 powerbook 165c
2953,macintosh iici
2954,mid-2011
2955,october
2956,compaq
2957,jean-louis gassée
2958,lisa and macintosh user interfaces
2959,regis mckenna
2960,launch
2961,performance advantage
2962,update
2963,mac os x
2964,personal computer manufacturers
2965,ten
2966,macintosh
2967,1993
2968,crt
2969,models
2970,one
2971,glass
2972,"9,900"
2973,march 2006
2974,floppy disk drive
2975,apple
2976,56
2977,macintosh programmer's workshop
2978,1994
2979,floppy disk drive
2980,april 1984
2981,apple
2982,macs
2983,ten
2984,every macintosh
2985,"3,195"
2986,mac
2987,launch
2988,2011
2989,software business
2990,2.06
2991,virbhadra singh
2992,state-owned television broadcaster
2993,governor
2994,himachal
2995,sikhs
2996,kangra miniature paintings
2997,state
2998,himachal
2999,state
3000,himachal pradesh
3001,economy
3002,10th century
3003,hill stations
3004,public radio station
3005,1 november 1956
3006,himachal pradesh
3007,handicrafts
3008,virbhadra singh
3009,21st
3010,anglo-gorkha war
3011,superintendent
3012,pit-loom
3013,virbhadra singh
3014,buddhism and sikhism
3015,himachal pradesh
3016,wool
3017,year 1768
3018,hima
3019,hydro electric resources
3020,dial-up access
3021,mahmud ghaznavi
3022,citation
3023,citation
3024,technological advancements
3025,30 december 2007
3026,first
3027,nepal
3028,h.p.
3029,private fm stations
3030,18 december 1970
3031,state
3032,1.16%
3033,radio
3034,2006
3035,handicrafts
3036,1948
3037,muslims
3038,first five-year plan
3039,extreme variation
3040,others
3041,military settlement
3042,roman women
3043,imperial era
3044,human sacrifice
3045,security
3046,edict
3047,historian livy
3048,camp
3049,constantine
3050,roman women
3051,second edict
3052,famous tirade
3053,human sacrifice
3054,strong connections
3055,ordinary romans
3056,vergil
3057,valerian's first religious edict
3058,di immortales
3059,bona dea
3060,roman camps
3061,ruins
3062,(509–27 bc
3063,excessive devotion
3064,rome's hegemony
3065,end
3066,product
3067,customary offers
3068,product
3069,rome's hegemony
3070,relationship
3071,little or no civil authority
3072,edict
3073,edict
3074,most important camp-offering
3075,several days
3076,women
3077,minerva
3078,public festivals
3079,edict
3080,opportunities
3081,solution
3082,cult
3083,sporadic and sometimes brutal attempts
3084,punic crisis
3085,human sacrifice
3086,roman oaths
3087,hitherto
3088,office
3089,jupiter latiaris
3090,religious dimensions
3091,augustus
3092,roman calendar
3093,second edict
3094,record
3095,lares and penates
3096,first punic war
3097,non-official but lawful cults
3098,rites
3099,act
3100,same token
3101,superstitio
3102,jupiter feretrius
3103,others
3104,vestals
3105,augustan settlement
3106,february
3107,hitherto unlikely source
3108,haruspices
3109,constantine
3110,gaul
3111,original meaning
3112,egypt
3113,early severan era
3114,roman bellona
3115,heretics
3116,last emperor
3117,roman calendar
3118,twelve tables
3119,rome's hegemony
3120,rome
3121,infernal gods
3122,great crisis
3123,ad 567
3124,imperial
3125,(509–27 bc
3126,emperor julian
3127,julius caesar
3128,very late republic
3129,high-status seating
3130,archaeology
3131,sacrifice
3132,several days
3133,imported mystery religions
3134,synagogues
3135,romans
3136,individuals
3137,empire
3138,mortal's death
3139,later empire
3140,16 bc tiberius
3141,julian
3142,popular belief deities
3143,treason
3144,record
3145,such spectacular displays
3146,ofﬁcial recognition
3147,harmony
3148,first ( 303 ad
3149,empire-wide ban
3150,successful general
3151,clients
3152,second punic war
3153,prayer
3154,addition
3155,funding
3156,attempt
3157,last century
3158,magistrates
3159,civil and religious law
3160,separate priestly caste
3161,303 ad
3162,product
3163,comparison
3164,valerian's first religious edict
3165,roman architect vitruvius
3166,rome
3167,decius mus
3168,divine consideration
3169,presence
3170,regal era
3171,edict
3172,rome's intellectual elite
3173,state cult
3174,public priests
3175,clients
3176,roman religion
3177,devotio
3178,vestals
3179,reign
3180,western emperor gratian
3181,ordinary
3182,264–146
3183,senate
3184,least
3185,thessaly
3186,periods
3187,public religion
3188,mystery cult
3189,male priests
3190,"roman ""domestic"" deities"
3191,latin word templum
3192,popular cult
3193,public festivals
3194,constantine
3195,
3196,ruins
3197,exceptional honor
3198,early days
3199,servius tullius
3200,rome
3201,myth
3202,participation
3203,first and last roman
3204,sacrifice
3205,rome's hegemony
3206,decius
3207,excessive devotion
3208,magistrates
3209,haruspicy
3210,hellenization
3211,later empire
3212,times
3213,context
3214,everyday world
3215,male priests
3216,law
3217,rome
3218,archaeology
3219,wife
3220,cult donations
3221,customary offers
3222,fulfillment
3223,household cult
3224,popular belief deities
3225,portion
3226,graeco-roman world
3227,roman poets
3228,rites
3229,gods
3230,vesta
3231,hitherto
3232,prodigies
3233,funeral and commemorative rites
3234,clitellates
3235,locomotion
3236,septa
3237,ragworms' jaws
3238,65 million years ago
3239,ragworms
3240,fluid
3241,brain
3242,"""hairs"
3243,clitellates
3244,find
3245,circulates
3246,3
3247,small shelly fossil cloudina
3248,north america
3249,annelids
3250,found
3251,frontmost section
3252,polychaetes
3253,cladistic research
3254,frontmost section
3255,two
3256,respiratory pigment
3257,two
3258,difference
3259,one-cell deep epidermis
3260,mesothelium
3261,two
3262,sea-floor
3263,mesothelium
3264,annelids
3265,leeches
3266,produce
3267,fertilized eggs
3268,thus
3269,two families
3270,cells
3271,leeches
3272,locomotion
3273,oligochaetes
3274,1997
3275,annelids
3276,polychaetes
3277,frontmost section
3278,very mobile and active polychaetes
3279,protostomes
3280,oligochaetes
3281,brain
3282,australia
3283,rest care
3284,northern hardwood forests
3285,ediacaran
3286,two
3287,vertebrates
3288,brain
3289,15 %
3290,enables
3291,2008
3292,30 ad
3293,fossils
3294,marine polychaetes ' predation
3295,clitellates
3296,charles darwin's book
3297,leeches
3298,vertebrates
3299,mid-19th century
3300,1964
3301,states
3302,contemporary u.s. courts
3303,authority
3304,contemporary u.s. courts
3305,american federalism
3306,contract
3307,public laws
3308,reason
3309,"282,000"
3310,contract
3311,states
3312,constitution
3313,chevron deference
3314,states
3315,constitution
3316,dual-sovereign system
3317,way
3318,criminal law
3319,mccarran-ferguson act
3320,english
3321,20th-century american tort law
3322,reason
3323,constitution
3324,u.s. law
3325,law
3326,traditional common law pleading
3327,american law institute
3328,principle
3329,eighteen
3330,english common law
3331,american civil procedure
3332,u.s.
3333,18th and 19th centuries
3334,united states
3335,"282,000"
3336,law
3337,united states constitution
3338,federal courts
3339,many statutes
3340,felony convictions
3341,eighteen
3342,eighteenth century
3343,constitution
3344,handful
3345,prosecution
3346,difficult question
3347,contemporary english cases
3348,writ
3349,constitution
3350,several legal scholars
3351,principle
3352,federal constitution
3353,states
3354,transactions
3355,actual substance
3356,18th and 19th centuries
3357,law
3358,u.s.
3359,president
3360,1964
3361,states
3362,public laws
3363,tort law
3364,constitution
3365,constitution
3366,united states
3367,turn
3368,subsequent statute
3369,1963
3370,eighteen
3371,indeed
3372,citations
3373,"282,000"
3374,end
3375,traditional common law pleading
3376,turn
3377,congress
3378,reception statutes
3379,federal criminal law
3380,scope
3381,roger j. traynor
3382,u.s.
3383,u.s.
3384,american civil procedure
3385,states
3386,supreme court
3387,crimes
3388,19th century
3389,chevron
3390,eighteen
3391,nineteenth century
3392,congress
3393,federal agencies
3394,decades
3395,romanian
3396,ming dynasty
3397,latin
3398,", a more sociolinguistic notion"
3399,multiple standard dialects
3400,latin
3401,latin
3402,italians
3403,swedish
3404,dialect
3405,serbia
3406,1996
3407,joseph wright
3408,public environment
3409,"25.1, 1945"
3410,low german varieties
3411,north african
3412,first
3413,spanish
3414,rest
3415,2.5 %
3416,theory
3417,tunisia
3418,ion bărbuţă
3419,risorgimento
3420,heinz kloss
3421,italian
3422,`` dialect
3423,world war i
3424,modern nationalism
3425,opposite example
3426,arabic
3427,arabic
3428,yiddish speaker
3429,northern germany
3430,german language
3431,
3432,example
3433,northern italy's
3434,switzerland
3435,standardized dialect
3436,various terms
3437,italy
3438,german empire
3439,german language
3440,interpretation
3441,secondary sense
3442,dialect
3443,english
3444,dialect
3445,standard dialect
3446,german dialectology
3447,latin
3448,middle ages
3449,standard italian
3450,1860s
3451,sardinia
3452,19th century
3453,"language—""everybody"
3454,example
3455,german
3456,caribbean coast
3457,italy
3458,british and american english
3459,german
3460,northern germany
3461,varieties
3462,world war i
3463,contrast
3464,latin
3465,yiddish
3466,1967
3467,example
3468,republic of china
3469,italians
3470,ion bărbuţă
3471,english
3472,english
3473,german
3474,medieval painting red
3475,christian countries
3476,red
3477,1921
3478,seven
3479,karl marx
3480,red ochre
3481,british flag
3482,16th century
3483,one to two percent
3484,red flag
3485,danger
3486,red ochre
3487,most common colors
3488,mexico
3489,ancient rome
3490,roman general
3491,red
3492,1960
3493,ray
3494,harvard university
3495,communist party
3496,1950s and 1960s
3497,central african cultures
3498,painters
3499,mexico
3500,spirit
3501,1790
3502,increased performance
3503,1523
3504,gathered
3505,ancient rome
3506,demonstration
3507,color
3508,banner
3509,red hair
3510,harvard university
3511,blood pressure
3512,jars
3513,scarlet academic gowns
3514,february 1848
3515,international football
3516,virgin mary
3517,fourth and fifth
3518,cincinnati red stockings
3519,ivory painter's palette
3520,new red dyes
3521,1870 to 1918
3522,dye
3523,spanish conquistador
3524,16th century
3525,naphtol
3526,ancient rome
3527,1962
3528,mines
3529,four
3530,day
3531,path
3532,1870
3533,teams
3534,daytime
3535,five years
3536,296 ad
3537,principle
3538,tae kwon
3539,central africa
3540,renaissance
3541,cincinnati red stockings
3542,seven
3543,1792
3544,spirit
3545,five
3546,nature
3547,"red, green and blue light"
3548,red flag
3549,fire
3550,vermilion
3551,rubia plant
3552,red
3553,song dynasty
3554,association football
3555,romans
3556,colors
3557,bc
3558,french revolution
3559,1962
3560,255
3561,vladimir lenin
3562,1920s
3563,little red book
3564,first 20th-century artists
3565,renaissance
3566,nature
3567,2000
3568,christmas
3569,rubia plant
3570,communist party
3571,neolithic period
3572,example
3573,red
3574,romans
3575,even more money
3576,even more money
3577,red lac
3578,19th century
3579,red hair
3580,red stripes
3581,fall
3582,famous hymn
3583,national symbols
3584,1960
3585,red coloration
3586,1966
3587,middle ages
3588,
3589,abbe suger
3590,manchu rulers
3591,1888
3592,first 20th-century
3593,1920s
3594,red stripes
3595,1870
3596,face
3597,red color
3598,color
3599,five years
3600,red sky
3601,zhou
3602,red
3603,red
3604,october
3605,vincent van gogh
3606,one to two percent
3607,silver
3608,most famous works
3609,chinese cultural traditions
3610,egyptians
3611,coccus
3612,cincinnati red stockings
3613,fourth and fifth
3614,highways
3615,1920
3616,one popular color
3617,one popular color
