id,answer
0,a combination
1,addition
2,the browsers layout engine
3,its operamini version
4,late 2004
5,windows
6,1995
7,most browsers
8,marc andreessen
9,the first web browser
10,competition
11,dominance
12,internet relay chat
13,january
14,every major web browser
15,january 2003
16,january 2009
17,file transfer protocol
18,google
19,the case
20,rich user interfaces
21,2002
22,august 2011
23,all major web browsers
24,chromes userbase
25,the development
26,december 2011
27,january 2003
28,netscape
29,apples safari
30,the rapid development
31,the prefix
32,the mozilla foundation
33,private networks
34,the mac
35,a comparison
36,1994
37,a user interface
38,addition
39,major browsers
40,information resources
41,live bookmarks
42,a more traditional feed reader
43,bookmarks
44,year
45,the prefix
46,browser software
47,the file transfer protocol
48,microsoft corp
49,mobile safari
50,most web browsers
51,windows
52,the users default email application
53,a browser extension
54,45 hour
55,the carrefour boycott
56,the relay
57,protests
58,several protests
59,the noted indian social activist
60,vietnam
61,several protests
62,the site
63,some western media
64,uk
65,political activist
66,russia
67,the distinction
68,the relay supporters
69,its arrival
70,a team
71,turkey
72,foreign minister stephen smith
73,french members
74,the interior michèle alliotmarie
75,carlos espínola
76,april 5
77,members
78,april 1 2008
79,april 16
80,nagano
81,accountability
82,april 1 2008
83,sachin tendulkar
84,10 downing street
85,the torch
86,carrefour
87,2012
88,north korea
89,750000
90,libération
91,the lhasa riots
92,these protests
93,seoul
94,libération
95,francesca martinez
96,a route
97,seven
98,uyghurs
99,reporters without borders
100,macau
101,a vietnamese american
102,kim
103,the event
104,chinese media
105,asian times
106,london
107,the site
108,libération
109,several hundred
110,costanera sur
111,the relay
112,1200
113,assurances
114,a man
115,foreign minister stephen smith
116,a major setback
117,democracy
118,80
119,kazakhstan
120,turkey
121,reports
122,praise
123,air china
124,hollywood
125,march 2008
126,jon stanhope
127,oman
128,ted quinlan
129,several protests
130,may 2
131,kuala lumpur
132,i
133,olympia
134,tsim sha tsui
135,a new starting point
136,the event
137,the coverage
138,the chaotic torch relays
139,as many as 1000
140,the event
141,may 3
142,thupten gyatso
143,april 17
144,some western media
145,one
146,some 60
147,more than one
148,ladbroke grove
149,april 1 2008
150,about 2200 police
151,120
152,response
153,the relay
154,libération
155,a vietnamese american
156,the 2008 summer olympics torch relay
157,intended torchbearers choi seungkook
158,minister
159,thousands
160,1964
161,justin herman plaza
162,april 5
163,francesca martinez
164,justin herman plaza
165,the first time
166,tibet
167,the daily telegraph
168,susan prager
169,home secretary jacqui smith
170,the united nations organization
171,jackie chan
172,also
173,francesca martinez
174,kazakhstan
175,great britain
176,april
177,1964
178,only invitees
179,the distinction
180,the torch
181,two
182,jane birkin
183,one
184,the city
185,may 2
186,the torch
187,april
188,france
189,the taiwan strait
190,the torch relay route
191,china
192,70
193,one
194,85000
195,nagano
196,tibet
197,jane birkin
198,the torch
199,the day
200,1964
201,libération
202,nathan road
203,intended torchbearers choi seungkook
204,air china
205,protests
206,the last time
207,paris city officials
208,great britain
209,a japanese family
210,taipei
211,athletes
212,malaysia
213,a call
214,april 3
215,no politicians
216,several protests
217,chinese demands
218,carrefour
219,the days
220,chinas relations
221,oman
222,immigration reasons
223,only two
224,april 17
225,members
226,india
227,lê minh phiếu
228,kazakhstan
229,jacques rogge
230,nagano
231,several protests
232,april
233,our sacred torch
234,120
235,15 minutes
236,medeo
237,seven
238,a call
239,the republic of china
240,kiran bedi
241,the relay
242,argentine activists
243,chinese media
244,vietnam
245,saint petersburg
246,the government
247,may 3
248,the eiffel tower
249,tanzania
250,beijing
251,air china
252,tibetan flags
253,some 60
254,1200
255,the days
256,great britain
257,april
258,three
259,the first time
260,great britain
261,president pervez musharraf
262,macau
263,150000strong
264,carrefour
265,protests
266,bollywood actress soha ali khan
267,chinese media coverage
268,russia
269,the middle east
270,india
271,macau
272,ancient links
273,tony goh
274,the government
275,reporters
276,people
277,response
278,istanbul
279,torchbearers
280,narisa chakrabongse green world foundation gwf chairwoman
281,macao daily news
282,the paralympic games
283,may 4
284,carlos espínola
285,parliament
286,great britain
287,bangkok
288,several symbolic protests
289,libération
290,april 16
291,the chinese government
292,buenos aires
293,taiwan
294,the torchbearers
295,china
296,the peoples daily
297,april 9
298,tibetan flags
299,rights
300,japan
301,chinese officials
302,several times
303,the torch relay route
304,japan
305,the relay
306,islamabad
307,several hundred protibet protesters
308,tin hau
309,kiran bedi
310,85000
311,mccovey cove
312,three activists
313,carrefour
314,the original 20 km relay
315,pyongyang
316,more than 100
317,great britain
318,chan cheong
319,a total
320,baichung bhutia
321,the relay
322,129 days
323,the torch
324,1988
325,tokyo
326,30
327,its arrival
328,65 kilometre per hour
329,san francisco
330,australia
331,islamabad
332,the torch
333,tsim sha tsui
334,islamabad
335,129 days
336,fu ying
337,april 1 2008
338,the torch relay leg
339,the world’s worst offenders
340,argentina
341,up to 600
342,up to 600
343,lê minh phiếu
344,united states of america
345,mccovey cove
346,francesca martinez
347,the protests
348,kamal nath
349,april 16
350,taipei
351,the torch
352,the bbcs paul danahar
353,the same pitch
354,the total number
355,pitch
356,12
357,indefinite pitch
358,100 cents
359,frequency
360,high pitch
361,at least one model
362,overtones
363,the time
364,a4
365,not the higher frequencies
366,12
367,the perceived interval
368,a sound
369,some theories
370,southampton
371,uk
372,the annual southampton boat show
373,seven
374,the city
375,120305
376,as high as 20000
377,the lloyds register group
378,the most successful college american football teams
379,1996
380,the great war
381,the 9th century
382,london
383,the new forest
384,the 10th century
385,southampton
386,southampton city council
387,roughly half
388,the 2015 council elections
389,more than 2000
390,the centre
391,just over a week
392,portsmouth
393,one
394,those walls
395,the city
396,the importance
397,about 1888
398,november 2014
399,annual
400,one third
401,the annual southampton boat show
402,population
403,evidence
404,the latter half of the 20th century
405,october 2014
406,the settlement
407,the 1920s
408,banister court stadium
409,southamptons largest retail centre
410,this town
411,the city walls
412,24
413,2004
414,two
415,port
416,1964
417,the worst behaved secondary schools
418,part
419,four
420,1840
421,1862
422,the city council
423,the western docks
424,a space
425,1417
426,the western docks
427,1339
428,202
429,1976
430,the city
431,the presence
432,the centre
433,1968
434,a port
435,hampshire
436,1066
437,british gas
438,west quay
439,2015
440,2
441,parts
442,eastleigh
443,the princess alexandra dock
444,the vast majority
445,classical concerts
446,the queen mary
447,southampton
448,early may
449,unilink
450,cent
451,the third ferry
452,the university of southampton
453,the 13th century
454,provide
455,1966
456,hampshire
457,west quay
458,headquarters
459,the city
460,additional police stations
461,local train services
462,two
463,uk
464,solent
465,po cruises
466,27 june 1640
467,the college
468,840
469,the centuries
470,1233
471,university hospital southampton nhs foundation trust
472,the biggest operator
473,42
474,1959
475,354
476,government figures
477,the m27
478,the talking heads
479,hanover buildings
480,the city
481,december 2007
482,the 12th century
483,traffic congestion
484,southampton
485,2004
486,1233
487,this builtup area
488,three fire stations
489,southampton docks
490,24
491,the western docks
492,southamptons largest retail centre
493,the 1920s
494,1976
495,clausentum
496,two
497,plans
498,southampton
499,a port
500,just over a quarter
501,the main station
502,20–24
503,council estates
504,south west trains
505,162 percent
506,king henrys departure
507,the route
508,the trust
509,this town
510,162 percent
511,two large live music venues
512,three
513,the university of southampton
514,france
515,northam area
516,1968
517,the area
518,hampshire county council
519,the duchess
520,the worlds largest cruise ships
521,1938
522,a large shopping centre
523,uk
524,2009
525,southampton university
526,three
527,southampton
528,the 1960s
529,september 1940
530,his 1854 book
531,48
532,plymouth
533,this town
534,southampton water
535,the city
536,the 12th century
537,banister court stadium
538,the river itchen
539,the stone age
540,between 1996 and 2004
541,germany
542,these charters
543,a notable former player
544,the anglosaxons
545,hampshire constabulary
546,the seacity museum
547,university hospital southampton nhs foundation trust
548,south west trains
549,1966
550,the importance
551,1835
552,two
553,1310
554,southampton airport
555,the city
556,the great war
557,18thcentury
558,23
559,ocean race
560,the citylink
561,the two local sunday leagues
562,part
563,banister court stadium
564,25–29
565,the crimean war
566,three
567,24
568,the city
569,north
570,253651
571,1310
572,its designer
573,successive incarnations
574,ikea
575,docks
576,france
577,runnersup
578,hampshire county
579,the stage award
580,the variety
581,hampshire constabulary
582,southampton
583,southampton solent university
584,today
585,january 2007
586,northam area
587,24 february 1964
588,18thcentury
589,the university of southampton
590,march 2007
591,the university of southampton
592,three
593,john choules
594,king henrys departure
595,48
596,one
597,the coast
598,some controversy
599,hampshire county council
600,the 1760s
601,hampshire county
602,the university of southampton
603,24
604,500000
605,the city
606,plans
607,today
608,the city
609,11
610,bargate
611,southampton city college
612,linda norris
613,passenger services
614,southampton
615,port
616,has
617,the towns
618,south hampshire
619,october 1838
620,one
621,the mud flats
622,hampshire county
623,1310
624,southampton docks
625,the walls
626,london
627,march 1644
628,three
629,woodmill bridge
630,three
631,the river test and river itchen
632,southampton pupils
633,an estimated 236900 people
634,the site
635,the whitbread
636,the princess alexandra dock
637,the town
638,the council
639,1944
640,1976
641,june
642,1310
643,the city
644,southampton
645,the river test and river itchen
646,the last remains
647,shirley
648,eastleigh
649,council
650,the importance
651,uk
652,england
653,car manufacture
654,october 2014
655,between 1995 and 2004
656,the battle of agincourt
657,2005
658,the nightclub
659,unilink
660,may 1840
661,october 2014
662,southamptons largest retail centre
663,january 2007
664,the common
665,enterprise
666,sunday
667,the bbc
668,royston smith
669,the city
670,barton peveril college
671,southampton airport
672,the rest
673,the saints
674,the city
675,the city hockey club
676,northam area
677,between 1996 and 2004
678,the talking heads
679,an attempt
680,further remains
681,a major uk port
682,the supermarine spitfire
683,the local itv franchise
684,the city
685,the northern tip
686,king henrys departure
687,france
688,this town
689,uk
690,swaythling
691,the premier league
692,london
693,redbridge
694,red funnel
695,1938
696,over 40000
697,the crimean war
698,previously
699,1862
700,1888
701,the steam yacht north star
702,clausentum
703,a ferry port
704,1879 to 1949
705,itchen
706,henry vs famous warship hms grace dieu
707,1740
708,southampton
709,the national lottery
710,the eastern docks
711,the royalists
712,hampshire
713,1976
714,119500 males
715,nearly 92
716,nearly 92
717,eastern
718,just four women
719,german
720,ashkenazi jews
721,about 40
722,high frequencies
723,however most people
724,the 1890s
725,the 1990s
726,the middle east
727,the last thousand years
728,the probability
729,ashkenazim
730,nearly 92
731,the 11th century
732,the last thousand years
733,about 40
734,often
735,the middle ages
736,212
737,certain issues
738,the midrash compilation
739,jews
740,several famous people
741,the holocaust
742,the 20th century
743,the israeli black panthers
744,less
745,the estimated 88 million
746,israel
747,hebrew
748,the possible exception
749,the roman empire
750,recent years
751,1750
752,ashkenazi jews
753,16thcentury
754,1095
755,1095
756,elevated frequency
757,around 475
758,the concept
759,uses
760,2500 years ago
761,ancient levantine origins
762,the middle ages
763,middle eastern peoples
764,conformity
765,the archeological evidence
766,several million
767,an ashkenazi jew
768,hebrew
769,prechristian times
770,this period
771,the term
772,the center
773,80 percent
774,another trend
775,some centuries later
776,the 11th century
777,those jews
778,rabbinic leadership
779,the talmud
780,modernday italians
781,30
782,five thousand
783,brigetio
784,minhagim
785,54–60
786,the genomewide genetic study
787,fertile crescent
788,a quarter
789,1095
790,the second half of the 11th century
791,jerusalem
792,yiddish
793,about 75
794,the yoma tractate
795,conformity
796,his contemporary saadia gaon
797,hebrew
798,the greek historian
799,the greek historian
800,1095
801,the biblical figure
802,the first decades
803,sergio dellapergola
804,nearly 92
805,jewish
806,gomer
807,80 percent
808,jews
809,ashkenazi jew
810,about 2
811,91
812,the upper euphrates
813,the nusach
814,latin america
815,2002
816,conformity
817,this surname hail
818,herodotus
819,many jews
820,the first half
821,nusach sefard
822,the estimated 88 million
823,genesis rabbah
824,religious jews
825,uranus
826,11 july neptune
827,the largest neptunian moon
828,objects
829,the difference
830,the sun
831,the right
832,the result
833,the planets distance
834,10243×1026 kg
835,rahab
836,the troposphere
837,2007
838,jupiter
839,modern greek
840,uranus
841,johann galle
842,the same way
843,william lassell
844,the late 2020s or early 2030s
845,11 july 2011
846,its gravity
847,nahuatl
848,the formation
849,200
850,°
851,persistent methane clouds
852,the scooter
853,the small dark spot
854,voyager
855,highaltitude clouds
856,voyager
857,a 11 resonance
858,100 kpa
859,1843
860,the winds
861,this occultation
862,over 50
863,the focus
864,the first scientifically useful observation
865,25 august 1989
866,that credit
867,his discovery
868,1821
869,only 025
870,roughly 40
871,the upperlevel clouds
872,the sun
873,the first and so far only object
874,dark spots
875,adams
876,17
877,the le verrier ring
878,the discovery
879,neptune
880,the current most widely accepted explanation
881,nahuatl
882,2019
883,11
884,the penultimate known planet
885,uranus
886,neptune
887,2006
888,23
889,highaltitude clouds
890,the first and so far only object
891,14
892,jupiter
893,the most heavily populated resonance
894,the le verrier ring
895,sun
896,voyager 2s arrival
897,highaltitude cloud bands
898,neptunes atmospheric methane content
899,the months
900,the discovery
901,the evening
902,december 1612
903,these altitudes
904,vortex structures
905,neptunes more varied weather
906,301
907,pluto
908,this apparent backward motion
909,current models
910,1997
911,planetary science
912,400 ms
913,2004
914,the images
915,the last quarter
916,other candidates
917,neptunes more varied weather
918,reaction
919,hobbes
920,the modern term culture
921,nonmaterial culture
922,citation
923,19thcentury
924,terror management theory
925,29
926,the united states
927,germany
928,the end of the last ice age
929,other 19thcentury critics
930,contrasted
931,terror management theory
932,matthew arnold
933,the 1970s
934,around 50000 years ago
935,the united states
936,diffusion
937,the prussian linguist
938,the 1950s and 1960s
939,stuart hall
940,an élite ideal
941,the present legislation
942,jeffersons metaphor
943,1971
944,nonconformists
945,all areas
946,the pervasive secularism
947,that wall
948,may 3 2006
949,still other scholars
950,as early as the mid17th century
951,religious freedom
952,engel
953,madison
954,december 20 2005
955,william penn
956,two
957,some legal scholars
958,still other scholars
959,reynolds
960,1776
961,the courts decision
962,opponents
963,december
964,robert s wood
965,us
966,1962
967,the court
968,1994
969,kurtzman
970,argue
971,thomas jeffersons influential virginia statute
972,1947
973,the lone dissenter
974,the central point
975,many early immigrant groups
976,third
977,may
978,jefferson
979,states rights
980,1879
981,religious bigotry
982,no one religious society
983,1786
984,religious beliefs
985,the national motto
986,us
987,ohio
988,2002
989,new england
990,the phrase
991,three
992,the answer
993,the pledge
994,the principle or primary effect
995,kurtzman
996,john f kennedy
997,south carolina
998,roger williams
999,the purpose of the display educating the public on american legal traditions was secular in nature
1000,december 27 1657
1001,jeffersons concept
1002,jeffersons statute
1003,the eighteenth century
1004,the required beliefs
1005,the separation
1006,a consequence
1007,1878
1008,18351876
1009,citation
1010,proclamations
1011,a fivejustice majority
1012,2
1013,epperson
1014,roger williams
1015,three
1016,jeffersons metaphor
1017,the umayyad dynasty mosaic making
1018,constantinople
1019,rome
1020,one solsternus
1021,the earliest examples
1022,only fragments
1023,the end of the 5th century
1024,justinian
1025,one
1026,5thcentury
1027,17thcentury
1028,the grand prince
1029,jerusalem
1030,the 12th century
1031,remains
1032,whose sail
1033,the most prominent artist
1034,
1035,the roman church
1036,important justinian
1037,the mosaics
1038,roger ii
1039,the double indirect method
1040,another example
1041,affricisco
1042,hand
1043,the human figure
1044,arta
1045,the decoration
1046,the abundant variety
1047,the monastic communities
1048,5thcentury
1049,the 6th to the 15th centuries
1050,8th–9th centuries
1051,east
1052,mary
1053,another example
1054,1949
1055,the 17th–19th centuries
1056,constantinople
1057,southern italy
1058,the mausoleum
1059,1169
1060,piazza armerina
1061,539
1062,the royal basilica
1063,taddeo zuccari
1064,santambrogio
1065,the ascension
1066,another samaritan synagogue
1067,thessaloniki
1068,the normal technique
1069,the norman kings
1070,the mosaics
1071,galla placidia
1072,1310–14
1073,iconoclastic
1074,moorish spain
1075,portugal
1076,2003
1077,the seasons
1078,the church of the holy apostles
1079,islamic architecture
1080,raphael
1081,1210
1082,presentday
1083,pebble mosaics
1084,1894
1085,the nea moni monastery on chios
1086,the arabs
1087,constantinople
1088,1043–1056
1089,10thcentury
1090,rome
1091,a rare example
1092,a striking technical innovation
1093,12thcentury
1094,a striking technical innovation
1095,calçada portuguesa
1096,the river mureş
1097,5th century mosaics
1098,the santa constanza
1099,damascus
1100,5thcentury
1101,outstanding examples
1102,styles
1103,roger ii
1104,the only surviving 12thcentury mosaic work
1105,the atrium
1106,greek
1107,the large villa rustica
1108,works
1109,1971–72
1110,1607
1111,around 1143
1112,the 17th–19th centuries
1113,the most prominent artist
1114,the abundant variety
1115,kastron mefaa
1116,constantinople
1117,the 12th century
1118,the symbolism
1119,rome
1120,the abbot
1121,the julii
1122,venetian
1123,1913
1124,the royal basilica
1125,damascus
1126,the middle
1127,1310–14
1128,emperor maximian
1129,outstanding examples
1130,10
1131,the 18th century
1132,hand
1133,religious umayyad mosaic works
1134,constantine monomachos
1135,lebanon
1136,the synagogue
1137,18thcentury
1138,accidents
1139,1986
1140,the late 4th century
1141,three
1142,the cathedral
1143,more figures
1144,the monastery of martyrius
1145,christian
1146,the nile delta
1147,constantine monomachos
1148,roger ii
1149,the map
1150,1589
1151,constantine monomachos
1152,venetian craftsmen
1153,limoges
1154,5thcentury
1155,the iconoclastic era
1156,4thcentury bc
1157,the seasons
1158,the double indirect method
1159,the 17th–19th centuries
1160,exotic or mythological animals
1161,ravenna
1162,the 1960s
1163,twotone stone mosaic paving
1164,64 ad
1165,albania
1166,calçada portuguesa
1167,ein gedi
1168,the golden gate
1169,4thcentury bc
1170,1043–1056
1171,the early 4th century
1172,the nile delta
1173,taungoo
1174,about 80
1175,official united states policy
1176,its capital city
1177,both these names
1178,obama
1179,2008 rice production
1180,the name
1181,obama
1182,650
1183,its independent years
1184,early civilisations
1185,myanmar
1186,first
1187,myanmars ethnic minority groups
1188,little known fact
1189,ludmila
1190,thousands
1191,10
1192,mong mao
1193,1930 km
1194,us
1195,official united states
1196,myanmar
1197,the majority burmese bamar ethnic group
1198,mong mao
1199,the name
1200,burmas education system
1201,august
1202,colonial architectural influences
1203,2008
1204,official united states policy
1205,monks
1206,the past myanmar
1207,1770
1208,this time
1209,250 years
1210,1988
1211,the name
1212,myanmar
1213,a major battleground
1214,250 years
1215,hanthawaddy monarchs
1216,these lines
1217,1883
1218,an equitable right
1219,civil law
1220,the uk
1221,criticism
1222,these lines
1223,2004
1224,an estimated 18 million
1225,this claim
1226,napster
1227,law professor
1228,one years
1229,free software foundation founder richard stallman
1230,free software foundation founder richard stallman
1231,the scope
1232,many countries
1233,this definition
1234,the scope
1235,patent infringement
1236,lawrence lessig
1237,the united states
1238,1994
1239,citation
1240,1846
1241,many jurisdictions
1242,other arguments
1243,this definition
1244,three
1245,the term
1246,infringement
1247,a specific technological problem
1248,these lines
1249,1883
1250,trips
1251,copyright
1252,copyright infringement
1253,the recording industry association
1254,referring
1255,stephan kinsella
1256,the united states
1257,the context
1258,an equitable right
1259,the context
1260,other recent developments
1261,1791
1262,may 2011
1263,1998
1264,trade secret misappropriation
1265,2001
1266,october 1845
1267,civil law
1268,1883
1269,one years
1270,some critics
1271,17 the stated objective
1272,the motion picture association of america
1273,uk
1274,trademark infringement
1275,millions
1276,hightech fields
1277,native cultures
1278,some critics
1279,intellectualproperty rights
1280,native cultures
1281,berne
1282,the detriment
1283,infringement
1284,the assumption
1285,he
1286,the french
1287,rossiya
1288,the ingur river
1289,1830
1290,kars
1291,christians
1292,the ottoman empire
1293,the crimean war
1294,1854
1295,this time
1296,constantinople
1297,the black sea
1298,danube
1299,july 1854
1300,26 july
1301,omar pasha
1302,constantinople
1303,the russians
1304,14 april
1305,russia
1306,four
1307,spring
1308,constantinople
1309,a hill
1310,august 1855
1311,nicholas
1312,15000
1313,four
1314,the russians
1315,both sides
1316,william howard russell
1317,this time
1318,1857
1319,25 september
1320,constantinople
1321,the war
1322,february
1323,the morning
1324,piedmont
1325,nicholas
1326,late september
1327,the year
1328,three
1329,bulgaria
1330,alexander ii
1331,the french
1332,cronstadt
1333,second
1334,walachia
1335,minor naval skirmishes
1336,ukraine
1337,19–31
1338,the black sea
1339,31 december
1340,cronstadt
1341,george hamiltongordon
1342,omar pasha
1343,32–40
1344,its alliance
1345,the local commanders
1346,the russians
1347,william howard russell
1348,constantinople
1349,omar pasha
1350,omar pasha
1351,parliament
1352,constantinople
1353,åland islands
1354,alexander ii
1355,nicholas
1356,cardigan
1357,the battle of the chernaya
1358,austria
1359,the ridge
1360,october 1853
1361,the french
1362,the united kingdom
1363,centuriesold
1364,public opinion
1365,a second counterattack
1366,the winter of 1854
1367,sinop
1368,a russian cavalry movement
1369,catholic support
1370,a peaceful settlement
1371,1830
1372,alfred nobel
1373,vidin
1374,the reaction
1375,september 1853
1376,the danube river
1377,ottoman forces
1378,william howard russell
1379,june 24 1839
1380,the local commanders
1381,105  the tsar
1382,28 march 1854
1383,432–33
1384,roger fenton
1385,the russian troops
1386,the far south wrangel
1387,may
1388,461 the resulting battle
1389,14 november
1390,alfred lord tennyson
1391,armed
1392,the sultan
1393,the russians
1394,439 an electrical telegraph
1395,victor emmanuel ii
1396,september 1854
1397,over 200 years
1398,the principalities
1399,the black sea
1400,vidin
1401,the ridge
1402,may
1403,calafat
1404,this time
1405,cardigan
1406,19 october
1407,little additional naval action
1408,russia
1409,marani
1410,about 1000
1411,sevastopol
1412,victor emmanuel ii
1413,february
1414,chetatea
1415,this time
1416,130–43
1417,omar pasha
1418,1840
1419,balkans
1420,the times newspaper
1421,a w
1422,danube
1423,the note
1424,a large body
1425,snow
1426,march 1854
1427,nicholas
1428,the azov sea
1429,sunday
1430,taganrog
1431,8000
1432,april
1433,omar pasha
1434,5 september
1435,the crimean war
1436,february
1437,the ottoman army
1438,greece
1439,411 nicholas
1440,russian america
1441,5 december 1853
1442,28 may
1443,aberdeen
1444,however
1445,the kerch strait
1446,192
1447,four
1448,september 8000
1449,1848
1450,february 1853
1451,april 1854
1452,201 the ships
1453,france
1454,30
1455,seven columns
1456,the spring of 1821
1457,10419
1458,the crimean war
1459,the failure
1460,30 march 1856
1461,the peace terms
1462,russians
1463,19 october
1464,the black sea
1465,greeks
1466,about 20000
1467,menshikov
1468,the war
1469,the west
1470,the battle of sinop
1471,late july 1854
1472,8000
1473,september 1854
1474,first
1475,27
1476,the malakoff
1477,the concert of europe
1478,1830
1479,the clerical party
1480,a civilian engineering crew
1481,30 march 1856
1482,russia
1483,4000
1484,sevastopol
1485,paris
1486,popularisation
1487,little advance
1488,the war
1489,otto von bismarck
1490,industrial explosives
1491,the british
1492,1830
1493,chetatea
1494,february
1495,the telegraph
1496,25 october
1497,another seventeen years
1498,the emperors
1499,1648
1500,the 1720s
1501,yongzheng
1502,1623
1503,projapanese koreans
1504,xinjiang
1505,1711
1506,1648
1507,dorgon
1508,sun yatsen
1509,the qing emperors
1510,eight
1511,the qing dynasty
1512,1900
1513,the empire of the great qing
1514,qianlong
1515,yongzheng
1516,diplomatic and strategic problems
1517,instead
1518,the name
1519,qing armies
1520,the first opium war
1521,yuan shikai
1522,puyi
1523,over 3400
1524,china
1525,peasant rebels
1526,britain
1527,the empire
1528,the kangxi emperor
1529,the xiang army
1530,1641
1531,the 1850s
1532,a team
1533,yingzhen
1534,the shunzhi emperor
1535,two
1536,the manchus
1537,zeng guofan
1538,a watershed
1539,korea
1540,qianlong
1541,the government
1542,the mid19th century
1543,april 1644
1544,many han
1545,1683
1546,the fall
1547,zeng guofans strategy
1548,some 20 million
1549,li
1550,the 18th century
1551,the manchus
1552,chinese
1553,late ming dynasty
1554,1641
1555,the manchus
1556,the qing organization
1557,yuan shikai
1558,jianzhou
1559,china
1560,1860
1561,qīng cháo
1562,ming general wu sangui
1563,yuan shikai
1564,northeast china
1565,prince gui
1566,the liao area
1567,the 18th century
1568,the 1930s
1569,the department
1570,qianlong
1571,puyi
1572,fulin
1573,the sixtyone year reign
1574,india
1575,jianzhou
1576,hong xiuquan
1577,the han chinese
1578,xinjiang
1579,the british
1580,400000
1581,china
1582,manchu generals
1583,chinese
1584,the 1930s
1585,yingzhen
1586,the late 19th century
1587,dorgon
1588,calligraphy
1589,such problems
1590,jiangnan
1591,the qing surrender
1592,manchu generals
1593,the western powers
1594,the name
1595,several ming princes
1596,53
1597,the board
1598,koxinga
1599,eight years
1600,promises
1601,nanjing
1602,the qing
1603,the 1850s
1604,xinjiang
1605,1661
1606,day
1607,the early rulers
1608,yuan
1609,the turnover
1610,400000
1611,1889
1612,the qing emperors
1613,the early manchu rulers
1614,the qing court
1615,his death
1616,beijing
1617,1648
1618,1858
1619,han bannermen
1620,yaqub beg
1621,three
1622,the majority
1623,the ming dynasty
1624,china
1625,two
1626,this cabinet
1627,the qing dynasty
1628,1683
1629,1711
1630,yingzhen
1631,li
1632,november 14 1908
1633,nine
1634,qīng cháo
1635,manchu generals
1636,qīng cháo
1637,the qianlong emperor
1638,manchu generals
1639,the manchus
1640,1673
1641,eighteen
1642,2000 years
1643,80
1644,the first opium war
1645,november 14 1908
1646,the qing dynasty
1647,qīng cháo
1648,september 1643
1649,li zicheng
1650,the yongying system
1651,the imperial palace
1652,1864
1653,november 14 1908
1654,han bannermen
1655,only 16
1656,the art
1657,yongzheng
1658,xinjiang
1659,1854
1660,far
1661,1889
1662,the remaining banners
1663,yingzhen
1664,the qianlong emperors reign
1665,christianity
1666,over 3400
1667,five
1668,zeng guofan
1669,the qing
1670,li
1671,the remaining banners
1672,1681
1673,this multiethnic force
1674,the manchus
1675,qianlong
1676,the terms
1677,1683
1678,beijing
1679,these military reforms
1680,the qing dynasty
1681,qing
1682,the suiyuan shidan
1683,1661
1684,1782
1685,1637
1686,full control
1687,the qing dynasty
1688,nurhaci
1689,new but not exactly modern chinese armies
1690,the late 19th century
1691,addition
1692,the emperors
1693,1641
1694,dorgons controversial july 1645 edict
1695,manchu generals
1696,november
1697,these units
1698,the early manchu rulers
1699,qīng cháo
1700,projapanese koreans
1701,1870
1702,yaqub beg
1703,wu
1704,the short story form
1705,the move
1706,manchuria
1707,1711
1708,guangxu
1709,too few ethnic manchus
1710,china
1711,the remaining banners
1712,300 million
1713,the early manchu rulers
1714,the 1850s
1715,ningguta
1716,the chief
1717,jiangyin
1718,1648
1719,guangxu
1720,1727
1721,1860
1722,1637
1723,qīng cháo
1724,the qianlong emperor
1725,october 30
1726,the suiyuan shidan
1727,only two
1728,dst
1729,the evening
1730,the opposition
1731,continental europe
1732,canadian
1733,time
1734,2007
1735,all clocks
1736,iceland
1737,all years
1738,daylight
1739,a threeyear trial
1740,example
1741,1895
1742,2008
1743,groups
1744,us
1745,normal dst
1746,are
1747,545
1748,summer
1749,the forms
1750,argue
1751,2011 to 2014
1752,tzamericanewyork
1753,broadly
1754,standardize
1755,north american
1756,1993
1757,about 35
1758,the 2008 doe report
1759,july
1760,october 5
1761,some early proponents
1762,the retinitis pigmentosa foundation fighting blindness
1763,willetts 1907 proposal
1764,1907
1765,2007
1766,us
1767,2007
1768,2007
1769,keeps
1770,xinjiang
1771,1907
1772,us
1773,merriamwebster
1774,regions
1775,the united kingdom
1776,sunlight exposure
1777,an unexpected adverse effect
1778,winston churchill
1779,people
1780,the proposal
1781,1907
1782,1995
1783,microsoft windows
1784,negative dst
1785,britain
1786,standard time
1787,the autumn and two hours
1788,merriamwebsters
1789,two hours
1790,dst
1791,a correlation
1792,cet
1793,all years
1794,fixed work schedules
1795,example
1796,dst
1797,ramadan the month
1798,several studies
1799,the 1970s
1800,the older form
1801,march 2011
1802,2007
1803,us
1804,winter
1805,north america
1806,1895
1807,ntfs
1808,is
1809,the northern summer
1810,some farmers groups
1811,some countries
1812,dst inherits
1813,dst
1814,filesystem
1815,2007
1816,merriamwebster
1817,some farmers groups
1818,st
1819,people
1820,time zone differences
1821,an early goal
1822,one reason
1823,daylight
1824,common agreement
1825,kingsford charcoal
1826,a 1999 study
1827,many enactments
1828,one
1829,a yearindependent way
1830,2007
1831,at least two
1832,us
1833,clocks
1834,iceland
1835,europe
1836,britain
1837,2000
1838,2007
1839,the name
1840,all clocks
1841,the united kingdom
1842,this 1784 satire
1843,compatibility
1844,electricity use
1845,the times
1846,1984
1847,adopt
1848,britain
1849,us
1850,the first three weekdays
1851,the plan
1852,standardize
1853,14 april
1854,2008
1855,people
1856,us
1857,summer hours
1858,little impact
1859,accidents
1860,example
1861,one hour
1862,taxing shutters
1863,starting
1864,andrew peters
1865,dst
1866,as much as 11
1867,summer
1868,similar twiceyearly tasks
1869,2005
1870,dairy farmers
1871,modern dst
1872,months of the year
1873,1996
1874,the file
1875,1987–2006
1876,the 2007 us change
1877,britain
1878,may
1879,repeals
1880,may 1965
1881,annual
1882,2005
1883,1983
1884,los angeles
1885,van halen
1886,the end of the decade
1887,scottish
1888,1988
1889,the 1980s
1890,van halen
1891,canadian
1892,1958
1893,elements
1894,led zeppelin
1895,the double platinum ballbreaker
1896,a bigger hit
1897,bon scott
1898,one
1899,the 1980s
1900,the breakup
1901,irish
1902,david lee roth
1903,the black crowes
1904,poison
1905,aerosmiths comeback
1906,the los angeles music scene
1907,bon scott
1908,fellow australians airbournes début album
1909,alice cooper
1910,los angeles
1911,early forms
1912,the rock anthem
1913,2009
1914,san francisco
1915,their hard rock roots
1916,joe hill louis
1917,1993
1918,the beatles
1919,the 1980s
1920,black sabbaths
1921,us
1922,guns n roses
1923,ramones
1924,the 1980s
1925,bon jovi
1926,heavy metal
1927,a number
1928,audioslave
1929,1992
1930,david lee roth
1931,four
1932,1981
1933,1987
1934,the new wave
1935,the term
1936,bon jovis 1995 album
1937,bon jovis third album
1938,the kinks
1939,others
1940,acdc
1941,guns n roses
1942,the first commercial isp
1943,transit isps
1944,13 april 2015
1945,adoption
1946,a virtual isp visp
1947,other services
1948,a possible solution
1949,4 years
1950,1995
1951,citation
1952,intelligence agencies
1953,their customers
1954,a mailbox provider
1955,26 february 2015
1956,the fcc chairman
1957,free isps
1958,isps
1959,isps
1960,isps
1961,an upstream isp
1962,prism
1963,many mailbox providers
1964,the same concept
1965,26 february 2015
1966,transit isps
1967,free isps
1968,other services
1969,the university of kansas school of business
1970,three
1971,the top law school
1972,the rock chalk jayhawk chant
1973,lawrence
1974,addition
1975,the university of kansas school of business
1976,one
1977,overland park
1978,march 21 1865
1979,march 21 1865
1980,the university of kansas school
1981,the community tool box
1982,the university daily kansan
1983,marvin hall
1984,wichita
1985,about 2100
1986,the kansas union
1987,wichita
1988,the jschools students
1989,1954
1990,first
1991,kansas public radio station kanu
1992,23597
1993,bsms
1994,1954
1995,a number
1996,the ku school of engineering
1997,kansas
1998,thirteen
1999,bsms
2000,the university of kansas school of business
2001,the kansas union
2002,bsms
2003,bsms
2004,kansas
2005,this professional school
2006,wichita
2007,the medical center
2008,the first union
2009,princeton review
2010,designintelligence
2011,the watson library
2012,48 months
2013,the college of liberal arts  sciences
2014,about 2100
2015,the university of kansas school of architecture design
2016,about 2100
2017,the university of kansas school of business
2018,lawrence
2019,the university of kansas school of business
2020,the university
2021,september 12 1866
2022,medical center and university hospital
2023,mark mangino
2024,the ku mens basketball team
2025,the journal
2026,272 million
2027,kus academic computing department
2028,bsms
2029,the team
2030,the university of kansas school of business
2031,march 21 1865
2032,lynx
2033,ku cross country
2034,citation
2035,the additional funds
2036,bsms
2037,23597
2038,the school newspaper
2039,their most recent championship
2040,the university of kansas school
2041,1891
2042,the ku department
2043,thirteen
2044,march 21 1865
2045,2007
2046,w 15th st
2047,enrollment
2048,23597
2049,the university
2050,sheahon zenger
2051,kus school of business
2052,designintelligence
2053,more than 80
2054,a free online resource
2055,kansas
2056,five
2057,lawrence
2058,the college of liberal arts  sciences
2059,the university of kansas school of law
2060,around 2
2061,western europe
2062,jana bennett
2063,1974
2064,this event
2065,a dedicated tv channel
2066,bbc television
2067,jana bennett
2068,bbc one
2069,two
2070,mechanically scanned 30line television broadcasts
2071,the bbc
2072,bbc one
2073,weeks
2074,the bbc domestic television channels
2075,march 2003
2076,britain
2077,queen elizabeth
2078,world war ii
2079,the basement
2080,bbc television
2081,britain
2082,english
2083,britain
2084,late 1930
2085,britain
2086,the bbc television service
2087,the other uk nations
2088,the bbc
2089,1967
2090,two
2091,a few years
2092,the bbc television service
2093,a few years
2094,the studio
2095,nearly 1000
2096,the pioneering bbc television series
2097,drama
2098,uk
2099,september 1939
2100,late 1930
2101,30
2102,the commissioning
2103,a 40 kilometres
2104,between december 2004
2105,the different remit
2106,bbc television
2107,the existing vhf 405line system
2108,world war ii
2109,the bbc television department
2110,daily
2111,a mechanical camera
2112,the bbc
2113,1967
2114,late 1930
2115,queen elizabeth
2116,£85 million
2117,june 1932
2118,two
2119,original research
2120,a dvd
2121,david attenborough
2122,a series
2123,1967
2124,the united states
2125,2008
2126,a division
2127,the united kingdom
2128,an estimated 25000–40000
2129,bbc television
2130,london
2131,weeks
2132,a division
2133,february
2134,englands bbc one output
2135,bbc tv
2136,1967
2137,the 1950s
2138,625line
2139,5 july 2004
2140,1927
2141,1927
2142,a general entertainment channel
2143,the united states
2144,bbc scotlands
2145,1967
2146,a dvd
2147,the genetic groups
2148,the rise
2149,the united states
2150,the survey
2151,empirical and conceptual problems
2152,one crucial innovation
2153,the practice
2154,only 35
2155,michelle alexander
2156,others
2157,health disparities
2158,fuzzy sets
2159,the united states
2160,races
2161,the individual
2162,abu elhaj
2163,a common misconception
2164,physical anthropologists
2165,early human genetic cluster analysis studies
2166,only seven
2167,the early 20th century
2168,human populations
2169,some societies
2170,the authors
2171,race
2172,kittles
2173,a result
2174,early human genetic cluster analysis studies
2175,federal government policy
2176,these socioeconomic factors
2177,such large geographic distances
2178,424
2179,brutal conflicts
2180,an increasing number
2181,the united states
2182,only seven
2183,whites
2184,categories
2185,the biological race concept
2186,population
2187,the existence
2188,the scientific classification
2189,a subspecies
2190,sex
2191,rigid descent rule
2192,forensic physical anthropologist
2193,1949
2194,a skeletal remain
2195,at least two
2196,this sense
2197,falsify
2198,recent work
2199,no generally accepted concept
2200,the greatest number
2201,many
2202,the survey
2203,races
2204,about 30
2205,the clustering
2206,today
2207,the 20th century
2208,2000
2209,a brazilian child
2210,racism
2211,suggest
2212,populations
2213,cladistics
2214,phylogenetic analysis
2215,the initial hypotheses
2216,the east asians
2217,populations
2218,the practice
2219,a significant number
2220,700000
2221,a clade
2222,the diagnosis
2223,the concept
2224,eduardo bonillasilva
2225,physical anthropologists
2226,adversely
2227,mass incarceration
2228,many thousands
2229,france
2230,the y chromosomes
2231,about 5
2232,roughly 28–37
2233,93
2234,uses
2235,international epidemiological data
2236,cranial measurements
2237,the european concept
2238,an arbitrary matter
2239,1964
2240,another way
2241,blumenbach
2242,good arguments
2243,the word
2244,earlier work
2245,some researchers
2246,the last two decades
2247,eduardo bonillasilva
2248,race
2249,many people
2250,his 2003 paper
2251,a system
2252,approximately five percent
2253,europeans
2254,kaplan
2255,many biological anthropologists
2256,amerindians
2257,identification code
2258,a system
2259,the use
2260,thousands
2261,thus anthropologist frank livingstones conclusion
2262,that values
2263,the study
2264,abu elhaj
2265,any population
2266,mitochondrial dna
2267,sewall wright
2268,this way
2269,1978
2270,the researchers
2271,the 1775 treatise
2272,markers
2273,this sense
2274,this questioning
2275,three
2276,the anthropologists
2277,one result
2278,the last decades
2279,the term race
2280,william c boyd
2281,examples
2282,empirical reasons
2283,the designation subspecies
2284,a brazilian child
2285,the early 20th century
2286,cladistics
2287,dean amadon
2288,three
2289,who
2290,contradictions
2291,similarly
2292,the rise
2293,jim crow laws
2294,racial groups
2295,a balanced degree
2296,blumenbach
2297,the concept
2298,many others
2299,dean amadon
2300,the european union
2301,more than 18 million years ago
2302,eduardo bonillasilva
2303,6065
2304,example
2305,the fixation index
2306,widespread popularity
2307,racial groups
2308,rather than 85
2309,anthropologist norman sauer
2310,the authors
2311,thousands
2312,the 19th century
2313,2008
2314,a selected allele
2315,the 20th century
2316,scientists
2317,the anthropologists
2318,a scientific one
2319,subsequent influential classifications
2320,all nonafrican groups
2321,the last two decades of the 18th century
2322,a clade
2323,racial groups
2324,the material
2325,race
2326,the united states
2327,a selected allele
2328,the 18th century
2329,77
2330,the 2000 edition
2331,a small nonrepresentative sample
2332,some states
2333,the definitions
2334,sociological factors
2335,a trained anthropologist
2336,human populations
2337,the historically recent acceleration
2338,mixture
2339,racial discrimination
2340,other mammalian species
2341,the authors
2342,graves
2343,utility
2344,loci
2345,the first postclassical published classification
2346,the onedrop rule
2347,the global distributions
2348,doctors
2349,the 1970s
2350,differences
2351,1996
2352,a 2007 review paper
2353,at least three million people
2354,races
2355,the early 20th century
2356,2001
2357,a more realistic portrayal
2358,visually
2359,the 19th century
2360,race
2361,the english language
2362,considerable suffering
2363,the term
2364,england
2365,cladistics
2366,the concept
2367,therefore fst values
2368,replaced
2369,the same geographical location
2370,a 2007 review paper
2371,homininae
2372,some scholars
2373,rachel caspari
2374,scientists
2375,came
2376,more than 18 million years ago
2377,virtually all physical anthropologists
2378,the figure
2379,the stanford university school of medicine
2380,correctly
2381,an attempt
2382,this era
2383,the farm
2384,a temple area
2385,evidence
2386,social inequality
2387,settlements
2388,most neolithic societies
2389,the southwestern united states
2390,this era
2391,rhine
2392,this era
2393,the british isles
2394,midlate neolithic
2395,elaborate tombs
2396,these cultural elements
2397,2002
2398,control
2399,first
2400,the farm
2401,2012
2402,the copper age
2403,southeast europe agrarian societies
2404,this era
2405,eurasia
2406,neolithic peoples
2407,neolithic pastoralists
2408,the bronze age
2409,anthropomorphic figurines
2410,europe
2411,the middle east
2412,turkey
2413,early farmers
2414,the near east
2415,control
2416,this era
2417,vashtëmi
2418,early farmers
2419,9000 bc
2420,neolithic people
2421,this era
2422,çatal höyük
2423,early japanese societies
2424,9000 bc
2425,the largest prehistoric settlements
2426,other parts
2427,around 10700
2428,ireland
2429,treaties
2430,the same hierarchical position
2431,the contracting parties full names
2432,twothirds
2433,relation
2434,sovereignty
2435,the treaty
2436,a party
2437,citation
2438,the case
2439,congressionalexecutive agreements
2440,the office of legal affairs
2441,no one party
2442,600
2443,attack
2444,a material breach
2445,treaties
2446,consent
2447,treaties
2448,all parties
2449,other cases
2450,the development
2451,first
2452,citation
2453,alwaqidi
2454,each article
2455,international law
2456,binding greenhouse gas emission limits
2457,brazil
2458,two
2459,some treaties
2460,a long treaty
2461,any subsequent act
2462,compacts
2463,state legislation
2464,one
2465,a treaty
2466,modern treaties
2467,the signatures
2468,the brazilian federal constitution
2469,entered
2470,the state
2471,political boundaries
2472,unaccepting
2473,international law
2474,the treaty
2475,congress
2476,the official legal procedures
2477,a party
2478,one
2479,prior to 1871
2480,the united nations
2481,a government
2482,mabo
2483,the un
2484,case
2485,a preamble
2486,example
2487,the brazilian federal constitution
2488,a verb
2489,european colonization
2490,treaties
2491,citation
2492,the contracting parties full names
2493,the division
2494,its obligations
2495,the supreme court
2496,a state partys withdrawal
2497,the late 20th and early 21st century
2498,consent
2499,a treaty
2500,the division
2501,the text
2502,the end
2503,the date
2504,citation
2505,a partys consent
2506,nations
2507,multilateral treaties
2508,these norms
2509,three
2510,the international covenant on civil and political rights
2511,the federal supreme court
2512,the brazilian federal constitution
2513,a states consent
2514,coercion
2515,ethiopia
2516,practice
2517,us
2518,case
2519,consent
2520,withdrawal
2521,citation
2522,the vienna convention
2523,a treaty
2524,the interest
2525,reservations
2526,coercion
2527,treaties
2528,chapter headings
2529,the deal
2530,longterm complex legal obligations
2531,a treaty
2532,minor corrections
2533,executive agreement
2534,article
2535,consent
2536,treaties
2537,the 45th amendment
2538,a states consent
2539,a treaty
2540,the normal legislation process
2541,the relative ease
2542,a strong presumption
2543,a treaty breach
2544,instance
2545,such universally accepted prohibitions
2546,citation
2547,many parties
2548,citation
2549,consent
2550,amend
2551,citation
2552,any subject
2553,un
2554,union
2555,the supreme court
2556,treaties
2557,the end
2558,international relations
2559,international relations
2560,muhammad
2561,the same reservations
2562,nations
2563,the state
2564,the treaty
2565,its particular interpretation
2566,a treaty
2567,eu
2568,treaties
2569,international law
2570,multiple paragraphs
2571,two
2572,citation
2573,the contracting parties full names
2574,citation
2575,example
2576,the terminology
2577,example
2578,the dates
2579,the state
2580,many treaties
2581,the president
2582,gabriel
2583,citation
2584,the case
2585,complaint
2586,articles
2587,many treaties
2588,other treaties
2589,2008
2590,the dates
2591,ruled
2592,treaties
2593,add
2594,articles
2595,states
2596,reservations
2597,the supreme court
2598,a passenger elevator
2599,4050
2600,1853
2601,the weight
2602,counterweights
2603,opens
2604,berlin
2605,werner von siemens
2606,the elevator cab
2607,germany
2608,lowvolume hours
2609,double deck elevators
2610,make
2611,citation
2612,israeli
2613,the hydraulic crane
2614,four
2615,the relay controller
2616,a city transport
2617,a governor device
2618,the passenger cabs
2619,unique design characteristics
2620,residential
2621,each end
2622,152 mmin
2623,may
2624,950000
2625,passenger elevators
2626,less expensive installations
2627,1
2628,gearless traction machines
2629,these steam driven devices
2630,cab interiors
2631,elevator cars
2632,dumbwaiters
2633,a freight elevator
2634,the first elevator shaft
2635,january
2636,construction
2637,single bulkhead cylinders
2638,machineroomless elevators
2639,the shaft
2640,the neapolitan architect
2641,a barrel
2642,4050
2643,london
2644,the method
2645,environmental concerns
2646,belt elevators
2647,the teams earliest exit
2648,1189
2649,eight
2650,1950 1958
2651,1 may
2652,1950 1958
2653,two years
2654,february 2012
2655,the 1954 fifa world cup
2656,1974
2657,england
2658,the 2008–09 season
2659,the england national football team
2660,
2661,charge
2662,england
2663,2002
2664,england
2665,john terry
2666,2002
2667,englands traditional away colours
2668,1923
2669,third
2670,the game
2671,setanta sportss
2672,the away kit
2673,roy hodgson
2674,1966
2675,the motif
2676,citation
2677,pouka
2678,2011
2679,an annual quota
2680,gradual sealevel rise
2681,july
2682,the 2013 pacific mini games
2683,designates
2684,18 february
2685,trading companies
2686,the executive board
2687,vasafua
2688,10 years
2689,ano
2690,artefacts
2691,30
2692,a claim
2693,tuvalu
2694,the popular sports
2695,the pacific games
2696,the merchant marine fleet
2697,funafuti
2698,united nations special rapporteur
2699,less than a year
2700,the teacherpupil ratio
2701,stamps
2702,tuvalu
2703,tuvalu
2704,the material culture
2705,an important creation myth
2706,the nauru agreement
2707,funafuti
2708,the princess margaret hospital
2709,the tuvalu media department
2710,the 2011 report
2711,about 65
2712,keith s chambers
2713,another caste
2714,1861
2715,26 square kilometres
2716,william rainbow
2717,the janet nicoll
2718,a tropical depression
2719,the house
2720,may 1819
2721,a consequence
2722,2002
2723,trading companies
2724,the low elevation
2725,schuyler de peyster
2726,the installation
2727,the other members
2728,the traditional foods
2729,sixth form students
2730,that year
2731,the international monetary fund 2010 report
2732,5 september
2733,charles hedley
2734,the island
2735,the tuvalu media department
2736,established
2737,rulings
2738,water
2739,english
2740,cyclone bebe
2741,a major international priority
2742,the coral bleaching
2743,around 22 million
2744,tuvalu participates
2745,1900
2746,the islands
2747,two
2748,170
2749,the name
2750,the islets
2751,funafuti
2752,funafuti
2753,three
2754,a traditional sport
2755,2002
2756,the installation
2757,the traditional foods
2758,the new am radio transmitter
2759,three
2760,1819
2761,the great coconut plantation
2762,first decade
2763,earth summit
2764,the tuvalu government
2765,the resulting borrow pits
2766,nine or ten
2767,sixth form students
2768,the world bank
2769,the highest elevations
2770,english
2771,two
2772,tuvalu
2773,the nivaga iii
2774,the tuvalu overseas seamens union tosu
2775,tuvalu
2776,a national water resources policy
2777,2011
2778,1819
2779,the tuvaluan order
2780,eight island courts and lands courts
2781,2002
2782,remittances
2783,a tropical depression
2784,english
2785,english
2786,funafuti
2787,the tuvalu government
2788,2015
2789,formerly
2790,english
2791,the tuvalu media department
2792,10 years
2793,eight per cent
2794,the japan international cooperation agency
2795,this program
2796,presidents
2797,the pacific regional trade and development facility
2798,the pacific war funafuti
2799,a trader
2800,the nine islands
2801,funafuti
2802,tuvalu advocates ratification
2803,a major international priority
2804,the international monetary fund 2010 report
2805,independence
2806,part
2807,another important building
2808,manu
2809,the ellice islands
2810,10640
2811,july 2012
2812,the palagi traders
2813,hearing
2814,its new imac
2815,the 68020powered macintosh lc
2816,the macintosh
2817,2900
2818,may 1998
2819,their first portable computer
2820,the thennew imac g5
2821,order
2822,created
2823,the macintosh project
2824,sold
2825,four years
2826,the current mac product family
2827,all 39 advertising pages
2828,sales
2829,the macintosh
2830,mac os x
2831,apples market share
2832,most pcs
2833,the macs market share
2834,retrofits
2835,the use
2836,the air
2837,apple
2838,intel
2839,the original
2840,the same year
2841,response
2842,matters
2843,macintosh
2844,may
2845,well
2846,john sculley
2847,only one
2848,may
2849,steve jobs
2850,1998
2851,october
2852,the macintosh
2853,the macintosh ii
2854,25 million
2855,steve jobs
2856,may 1990
2857,its new imac
2858,us15 million
2859,all 39 advertising pages
2860,an estimated 100000
2861,jobs
2862,2001
2863,john dvorak
2864,1997
2865,40
2866,the macintosh platform
2867,august
2868,1989
2869,the second generation
2870,change
2871,the final macintosh design
2872,mice
2873,apple
2874,apple
2875,early 2001
2876,the primary authors
2877,the installed base
2878,the imac
2879,finally
2880,the macintoshs minimal memory
2881,clarisworks
2882,2000
2883,a complete office suite
2884,the number five spot
2885,thirdparty platform virtualization software
2886,other personal computer manufacturers
2887,steve jobs
2888,quarterly
2889,the air
2890,open firmware
2891,the new motorola 68030 processor
2892,steve jobs
2893,contrast
2894,steve jobs
2895,bill atkinson
2896,the macintosh classic
2897,the macintoshs market share
2898,the discontinued power macintosh g3 to slot between the imac g3 and the power mac g4
2899,hewlett packard
2900,suggestions
2901,october 2009
2902,several ultrabooks
2903,mavericks
2904,chief designer
2905,allan loren
2906,updated motorola cpus
2907,late 1991
2908,may 1990
2909,october
2910,open firmware
2911,apple
2912,336 million
2913,the macintosh se
2914,macbook air
2915,2013
2916,mid2011
2917,darwin
2918,the macintosh
2919,march
2920,c
2921,all current mac models
2922,cube
2923,apples actions
2924,1000
2925,over 14
2926,c
2927,apple
2928,the performance advantage
2929,20
2930,2006
2931,this time
2932,the windows 95 operating system
2933,windows
2934,apple
2935,the final mac design
2936,its new imac
2937,adventurous mac users
2938,part
2939,the third place spot
2940,the macintosh
2941,the imac macbook pro macbook air and mac mini lines
2942,early 2011
2943,these models
2944,these materials
2945,a component shortage
2946,seven years
2947,around 6 percent
2948,two
2949,2006
2950,macintosh
2951,the removal
2952,the 1993 powerbook 165c
2953,the macintosh iici
2954,mid2011
2955,october
2956,compaq
2957,jeanlouis gassée
2958,the lisa and macintosh user interfaces
2959,regis mckenna
2960,the launch
2961,the performance advantage
2962,an update
2963,mac os x
2964,other personal computer manufacturers
2965,only about ten
2966,the macintosh
2967,1993
2968,crt
2969,these models
2970,only one
2971,glass
2972,9900
2973,march 2006
2974,a floppy disk drive
2975,apple
2976,56 percent
2977,the macintosh programmers workshop
2978,1994
2979,a floppy disk drive
2980,april 1984
2981,apple
2982,macs
2983,only about ten
2984,every macintosh
2985,3195
2986,the mac
2987,the macintosh name
2988,2011
2989,its software business
2990,206 percent
2991,virbhadra singh
2992,the stateowned television broadcaster
2993,the governor
2994,himachal
2995,sikhs
2996,kangra miniature paintings
2997,the state
2998,himachal
2999,the state
3000,himachal pradesh
3001,the economy
3002,the 10th century
3003,the hill stations
3004,a public radio station
3005,1 november 1956
3006,himachal
3007,handicrafts
3008,virbhadra singh
3009,21st
3010,the anglogorkha war
3011,a superintendent
3012,a pitloom
3013,virbhadra singh
3014,buddhism and sikhism
3015,himachal pradesh
3016,wool
3017,the year 1768
3018,hima
3019,hydro electric resources
3020,dialup access
3021,mahmud ghaznavi
3022,citation
3023,citation
3024,the technological advancements
3025,30 december 2007
3026,first
3027,nepal
3028,hp
3029,private fm stations
3030,18 december 1970
3031,the state
3032,116
3033,radio
3034,2006
3035,handicrafts
3036,1948
3037,the muslims
3038,the first fiveyear plan
3039,extreme variation
3040,most others
3041,military settlement
3042,roman women
3043,the imperial era
3044,human sacrifice
3045,the security
3046,the edict
3047,the historian livy
3048,each camp
3049,constantine
3050,roman women
3051,the second edict
3052,the famous tirade
3053,the mysteries
3054,all sacrifices
3055,ordinary romans
3056,vergil
3057,valerians first religious edict
3058,di immortales
3059,rome
3060,independent means
3061,the ruins
3062,509–27 bc
3063,excessive devotion
3064,romes hegemony
3065,the end
3066,a product
3067,the customary offers
3068,a product
3069,romes hegemony
3070,gaul
3071,little or no civil authority
3072,an edict
3073,an edict
3074,the most important campoffering
3075,several days
3076,women
3077,minerva
3078,a mistake
3079,an edict
3080,such opportunities
3081,the solution
3082,the cult
3083,sporadic and sometimes brutal attempts
3084,the punic crisis
3085,human sacrifice
3086,roman oaths
3087,hitherto
3088,the office
3089,jupiter latiaris
3090,its religious dimensions
3091,augustus
3092,the roman calendar
3093,the second edict
3094,record
3095,the lares and penates
3096,the first punic war
3097,nonofficial but lawful cults
3098,the rites
3099,the act
3100,the same token
3101,a superstitio
3102,l junius brutus
3103,others
3104,vestals
3105,the augustan settlement
3106,february
3107,a hitherto unlikely source
3108,the haruspices
3109,constantine
3110,gaul
3111,the original meaning
3112,egypt
3113,the early severan era
3114,roman bellona
3115,heretics
3116,the last emperor
3117,the roman calendar
3118,the twelve tables
3119,romes hegemony
3120,rome
3121,the infernal gods
3122,great crisis
3123,ad 567
3124,imperial
3125,509–27 bc
3126,the emperor julian
3127,every january 3
3128,the very late republic
3129,highstatus seating
3130,archaeology
3131,sacrifice
3132,several days
3133,gauls
3134,their synagogues
3135,the romans
3136,individuals
3137,roman
3138,a mortals death
3139,the later empire
3140,16 bc tiberius
3141,julian
3142,popular belief deities
3143,treason
3144,record
3145,all such spectacular displays
3146,an ofﬁcial recognition
3147,harmony
3148,the first 303 ad
3149,an empirewide ban
3150,a successful general
3151,her clients
3152,the second punic war
3153,prayer
3154,addition
3155,the funding
3156,his attempt
3157,the last century
3158,magistrates
3159,civil and religious law
3160,no separate priestly caste
3161,303 ad
3162,a product
3163,a comparison
3164,valerians first religious edict
3165,the roman architect vitruvius
3166,rome
3167,decius mus
3168,divine consideration
3169,the presence
3170,the regal era
3171,an edict
3172,philip
3173,state cult
3174,public priests
3175,her clients
3176,roman religion
3177,the devotio
3178,the vestals
3179,his reign
3180,the western emperor gratian
3181,ordinary
3182,264–146
3183,the senate
3184,hitherto
3185,thessaly
3186,some periods
3187,aventine temple
3188,the mystery cult
3189,male priests
3190,roman domestic deities
3191,the latin word templum
3192,popular cult
3193,other public festivals
3194,constantine
3195,they
3196,the ruins
3197,the exceptional honor
3198,the early days
3199,servius tullius
3200,rome
3201,the myth
3202,participation
3203,the first and last roman
3204,sacrifice
3205,romes hegemony
3206,the battle of pharsalus
3207,excessive devotion
3208,magistrates
3209,haruspicy
3210,the hellenization
3211,the later empire
3212,times
3213,the context
3214,the everyday world
3215,male priests
3216,a law
3217,rome
3218,around the 7th century ad
3219,his wife
3220,the new plebeian nobility
3221,the customary offers
3222,the fulfillment
3223,household cult
3224,popular belief deities
3225,some public rituals
3226,the graecoroman world
3227,roman poets
3228,the rites
3229,the gods
3230,vesta
3231,lenient
3232,prodigies
3233,funeral and commemorative rites
3234,the clitellates
3235,locomotion
3236,septa
3237,ragworms jaws
3238,65 million years ago
3239,ragworms
3240,the fluid
3241,the brain
3242,hairs
3243,the clitellates
3244,find
3245,circulates
3246,3
3247,the small shelly fossil cloudina
3248,north america
3249,most annelids
3250,found
3251,the frontmost section
3252,some polychaetes
3253,cladistic research
3254,the frontmost section
3255,two
3256,respiratory pigment
3257,two
3258,the difference
3259,the onecell deep epidermis
3260,mesothelium
3261,two
3262,the seafloor
3263,mesothelium
3264,annelids
3265,china
3266,produce
3267,the fertilized eggs
3268,thus
3269,two families
3270,their cells
3271,leeches
3272,locomotion
3273,oligochaetes
3274,1997
3275,most annelids
3276,most polychaetes
3277,the frontmost section
3278,pogonophora
3279,the protostomes
3280,oligochaetes
3281,the brain
3282,australia
3283,the rest care
3284,northern hardwood forests
3285,ediacaran
3286,two
3287,vertebrates
3288,the brain
3289,15
3290,enables
3291,2008
3292,30 ad
3293,their fossils
3294,some marine polychaetes predation
3295,the clitellates
3296,charles darwins book
3297,leeches
3298,vertebrates
3299,the mid19th century
3300,1964
3301,some states
3302,contemporary us courts
3303,authority
3304,contemporary us courts
3305,american federalism
3306,contract
3307,public laws
3308,the reason
3309,only about 282000
3310,contract
3311,all states
3312,the constitution
3313,chevron deference
3314,all states
3315,the constitution
3316,the dualsovereign system
3317,federal courts
3318,criminal law
3319,the mccarranferguson act
3320,english
3321,20thcentury american tort law
3322,reason
3323,constitution
3324,most us law
3325,the law
3326,traditional common law pleading
3327,the american law institute
3328,the principle
3329,eighteen
3330,english common law
3331,american civil procedure
3332,us
3333,the 18th and 19th centuries
3334,the united states
3335,only about 282000
3336,the law
3337,the united states constitution
3338,federal courts
3339,many statutes
3340,most felony convictions
3341,eighteen
3342,the eighteenth century
3343,the constitution
3344,a handful
3345,the prosecution
3346,the difficult question
3347,contemporary english cases
3348,the writ
3349,the constitution
3350,us
3351,the principle
3352,the federal constitution
3353,all states
3354,transactions
3355,the actual substance
3356,the 18th and 19th centuries
3357,the law
3358,us
3359,the president
3360,1964
3361,some states
3362,public laws
3363,tort law
3364,the constitution
3365,the constitution
3366,the united states
3367,turn
3368,a subsequent statute
3369,1963
3370,eighteen
3371,indeed
3372,the actual substance
3373,only about 282000
3374,the end
3375,traditional common law pleading
3376,turn
3377,congress
3378,some reception statutes
3379,federal criminal law
3380,the scope
3381,roger j traynor
3382,us
3383,us
3384,american civil procedure
3385,all states
3386,the supreme court
3387,crimes
3388,the 19th century
3389,chevron
3390,eighteen
3391,the nineteenth century
3392,congress
3393,federal agencies
3394,decades
3395,romanian
3396,ming dynasty
3397,latin
3398,a more sociolinguistic notion
3399,multiple standard dialects
3400,latin
3401,latin
3402,italians
3403,swedish
3404,a dialect
3405,beijing
3406,1996
3407,tok pisin
3408,a public environment
3409,251 1945
3410,the terms language
3411,north african
3412,first
3413,spanish
3414,the rest
3415,only 25
3416,english
3417,tunisia
3418,ion bărbuţă
3419,risorgimento
3420,heinz kloss
3421,italian
3422,south
3423,world war i
3424,modern nationalism
3425,an opposite example
3426,arabic
3427,arabic
3428,a yiddish speaker
3429,northern germany
3430,the terms language
3431,them
3432,example
3433,northern italys
3434,hong kong
3435,a standardized dialect
3436,various terms
3437,italy
3438,the german empire
3439,the german language
3440,that interpretation
3441,this secondary sense
3442,a dialect
3443,english
3444,a dialect
3445,a standard dialect
3446,german dialectology
3447,italian
3448,the middle ages
3449,standard italian
3450,the 1860s
3451,sardinia
3452,the 19th century
3453,language—everybody
3454,example
3455,english
3456,the caribbean coast
3457,italy
3458,british and american english
3459,german
3460,northern germany
3461,varieties
3462,world war i
3463,a standard dialect
3464,latin
3465,yiddish
3466,1967
3467,example
3468,cantonese
3469,italians
3470,ion bărbuţă
3471,english
3472,english
3473,german
3474,medieval painting red
3475,christian countries
3476,red
3477,1921
3478,seven
3479,karl marx
3480,red ochre
3481,the british flag
3482,the 16th century
3483,one to two percent
3484,the red flag
3485,danger
3486,red ochre
3487,the most common colors
3488,the cincinnati red stockings
3489,ancient rome
3490,a roman general
3491,red
3492,1960
3493,a ray
3494,harvard university
3495,the communist party
3496,the 1950s and 1960s
3497,the middle ages
3498,the painters
3499,central and south america
3500,the spirit
3501,1790
3502,increased performance
3503,1523
3504,gathered
3505,ancient rome
3506,a demonstration
3507,the color
3508,the banner
3509,red hair
3510,harvard university
3511,your blood pressure
3512,jars
3513,scarlet academic gowns
3514,february 1848
3515,international football
3516,the virgin mary
3517,the fourth and fifth
3518,the cincinnati red stockings
3519,an ivory painters palette
3520,new red dyes
3521,1870 to 1918
3522,dye
3523,the spanish conquistador
3524,the 16th century
3525,the naphtol
3526,ancient rome
3527,1962
3528,the mines
3529,four
3530,the day
3531,the path
3532,1870
3533,other teams
3534,daytime
3535,five years
3536,about 296 ad
3537,the principle
3538,tae kwon
3539,central africa
3540,renaissance
3541,the cincinnati red stockings
3542,seven
3543,1792
3544,the spirit
3545,five
3546,nature
3547,red green and blue light
3548,the red flag
3549,country
3550,vermilion
3551,the rubia plant
3552,red
3553,the song dynasty
3554,association football
3555,romans
3556,the colors
3557,1792
3558,the french revolution
3559,1962
3560,255
3561,vladimir lenin
3562,the 1920s
3563,the little red book
3564,the first 20thcentury artists
3565,renaissance
3566,nature
3567,2000
3568,christmas
3569,the rubia plant
3570,the communist party
3571,the neolithic period
3572,example
3573,red
3574,romans
3575,even more money
3576,even more money
3577,red lac
3578,19th century
3579,red hair
3580,red stripes
3581,the fall
3582,his famous hymn
3583,the national symbols
3584,five years
3585,red coloration
3586,1966
3587,the middle ages
3588,he
3589,abbe suger
3590,the manchu rulers
3591,1888
3592,about 296 ad
3593,the 1920s
3594,red stripes
3595,1870
3596,the face
3597,255
3598,the color
3599,the murals
3600,the red sky
3601,zhou
3602,red
3603,red
3604,october
3605,these studies
3606,one to two percent
3607,silver
3608,the most famous works
3609,chinese cultural traditions
3610,the egyptians
3611,coccus
3612,the cincinnati red stockings
3613,the fourth and fifth
3614,highways
3615,1920
3616,one popular color
3617,one popular color
